Symbol,Price~,"Exp Date",Strike,Moneyness,Bid,"BE (Bid)",BE%,Volume,"Open Int",IV,Delta,"OTM Prob","Ptnl Rtn","Ann Rtn",Time
DJT,31.32,2024-11-08,30.00,-4.21%,8.1,21.9,43.01%,107,503,321.50%,0.348591,52.40%,37.0%,750.0%,"10:36 ET"
DJT,31.32,2024-11-15,30.00,-4.21%,9,21,49.14%,144,6985,307.33%,0.333062,52.13%,42.9%,625.7%,"10:45 ET"
DJT,31.32,2024-11-01,30.00,-4.21%,3.85,26.15,19.77%,1675,520,208.50%,0.404151,54.73%,14.7%,488.5%,"10:45 ET"
DJT,31.32,2024-12-20,30.00,-4.21%,10.6,19.4,61.44%,166,3374,237.14%,0.305612,51.79%,54.6%,332.4%,"10:42 ET"
DJT,31.32,2024-11-01,27.00,-13.79%,2.22,24.78,26.39%,116,330,194.85%,0.292251,66.96%,9.0%,297.3%,"10:32 ET"
DJT,31.32,2024-11-01,26.00,-16.99%,1.94,24.06,30.17%,192,472,201.00%,0.258225,70.32%,8.1%,267.6%,"10:39 ET"
DJT,31.32,2024-12-20,25.00,-20.18%,7.45,17.55,78.46%,128,839,235.63%,0.242881,59.33%,42.5%,258.2%,"10:37 ET"
DJT,31.32,2024-11-01,25.00,-20.18%,1.55,23.45,33.56%,319,1617,197.89%,0.221295,74.41%,6.6%,219.3%,"10:43 ET"
ENPH,90.96,2024-11-01,90.00,-1.06%,5.4,84.6,7.52%,261,758,94.68%,0.443364,52.57%,6.4%,211.8%,"10:32 ET"
SMCI,47.92,2024-11-01,47.00,-1.92%,2.8,44.2,8.42%,260,1069,96.12%,0.436873,54.62%,6.3%,210.2%,"10:39 ET"
COIN,212.83,2024-11-01,210.00,-1.33%,12.4,197.6,7.71%,100,298,93.68%,0.442686,53.28%,6.3%,208.2%,"10:34 ET"
SMCI,47.92,2024-11-01,46.50,-2.96%,2.55,43.95,9.03%,371,431,95.96%,0.411696,57.16%,5.8%,192.5%,"10:08 ET"
SMCI,47.92,2024-11-01,46.00,-4.01%,2.35,43.65,9.78%,371,712,96.97%,0.38707,59.60%,5.4%,178.6%,"10:42 ET"
MSTR,213.05,2024-11-15,210.00,-1.43%,22.6,187.4,13.69%,109,2022,112.53%,0.416703,51.95%,12.1%,176.1%,"10:43 ET"
COIN,212.83,2024-11-01,205.00,-3.68%,10.05,194.95,9.17%,205,361,93.58%,0.384856,59.12%,5.2%,171.1%,"10:44 ET"
INTC,22.59,2024-11-01,22.00,-2.61%,1.02,20.98,7.67%,251,4018,78.39%,0.422487,57.71%,4.9%,161.3%,"10:44 ET"
SMCI,47.92,2024-11-01,45.00,-6.09%,1.9,43.1,11.18%,151,4130,96.20%,0.337355,64.67%,4.4%,146.3%,"10:38 ET"
MSTR,213.05,2024-11-01,200.00,-6.13%,8.3,191.7,11.14%,569,753,101.63%,0.321859,63.99%,4.3%,143.7%,"10:45 ET"
MSTR,213.05,2024-11-15,200.00,-6.13%,17.6,182.4,16.80%,108,5203,112.49%,0.353285,58.50%,9.6%,140.9%,"10:43 ET"
CELH,32.84,2024-11-15,32.50,-1.04%,2.86,29.64,10.80%,189,4634,85.56%,0.452594,51.85%,9.6%,140.9%,"10:43 ET"
COIN,212.83,2024-11-01,200.00,-6.03%,7.95,192.05,10.82%,141,455,93.69%,0.328306,64.89%,4.1%,137.4%,"10:40 ET"
PLTR,42.93,2024-11-08,42.00,-2.17%,2.64,39.36,9.07%,161,1957,82.32%,0.419273,54.77%,6.7%,136.0%,"10:41 ET"
AMD,156.3,2024-11-01,152.50,-2.43%,5.85,146.65,6.58%,223,721,64.90%,0.427712,58.65%,4.0%,132.4%,"10:44 ET"
META,572.72,2024-11-01,565.00,-1.35%,20.8,544.2,5.24%,174,1025,61.48%,0.434046,55.06%,3.8%,126.8%,"10:43 ET"
CVNA,192.35,2024-11-01,175.00,-9.02%,6.3,168.7,14.02%,413,594,104.46%,0.276742,69.89%,3.7%,123.9%,"10:32 ET"
UPST,52.9,2024-11-01,50.00,-5.48%,1.77,48.23,9.68%,108,4229,91.39%,0.317105,63.88%,3.7%,121.8%,"10:41 ET"
ON,67.3,2024-11-01,64.00,-4.90%,2.26,61.74,9.01%,102,298,74.59%,0.36042,65.11%,3.7%,121.5%,"10:43 ET"
SMCI,47.92,2024-11-01,44.00,-8.18%,1.55,42.45,12.89%,262,1852,97.05%,0.290808,69.38%,3.7%,121.2%,"10:43 ET"
SMCI,47.92,2024-11-15,45.00,-6.09%,3.4,41.6,15.19%,117,10000,96.98%,0.361723,59.78%,8.2%,119.3%,"10:31 ET"
FSLR,196.62,2024-11-15,190.00,-3.37%,14.35,175.65,11.94%,107,5580,88.18%,0.396457,55.90%,8.2%,119.3%,"10:38 ET"
MSTR,213.05,2024-11-01,195.00,-8.47%,6.7,188.3,13.14%,113,398,102.24%,0.273055,69.10%,3.6%,118.1%,"10:40 ET"
TSLA,219.65,2024-11-01,215.00,-2.12%,7.35,207.65,5.78%,852,1674,61.23%,0.413788,57.98%,3.5%,117.5%,"10:43 ET"
META,572.72,2024-11-01,560.00,-2.22%,18.5,541.5,5.77%,104,734,61.38%,0.401351,58.35%,3.4%,113.4%,"10:44 ET"
ZETA,26.81,2024-11-15,25.00,-6.75%,1.75,23.25,15.31%,1478,7999,96.97%,0.341912,60.85%,7.5%,109.9%,"10:44 ET"
AMD,156.3,2024-11-01,150.00,-4.03%,4.75,145.25,7.61%,365,2324,65.45%,0.371669,64.14%,3.3%,108.5%,"10:42 ET"
PLTR,42.93,2024-11-15,42.00,-2.17%,2.78,39.22,9.46%,165,10880,73.43%,0.418152,54.54%,7.1%,103.5%,"10:39 ET"
DJT,31.32,2024-11-01,22.00,-29.76%,0.66,21.34,46.77%,195,311,198.67%,0.127782,84.71%,3.1%,102.6%,"10:37 ET"
U,22.37,2024-11-15,21.00,-6.12%,1.37,19.63,13.96%,105,2286,84.55%,0.363739,61.24%,7.0%,101.9%,"10:35 ET"
TSLA,219.65,2024-11-01,212.50,-3.26%,6.3,206.2,6.52%,248,351,61.46%,0.371715,62.18%,3.1%,101.4%,"10:41 ET"
INTC,22.59,2024-11-01,21.00,-7.04%,0.62,20.38,10.84%,117,4833,79.09%,0.296658,70.25%,3.0%,100.9%,"10:44 ET"
NVDA,141.24,2024-11-01,139.00,-1.59%,3.95,135.05,4.58%,1829,1831,47.48%,0.439706,57.69%,2.9%,97.1%,"10:44 ET"
PLTR,42.93,2024-11-08,40.00,-6.83%,1.8,38.2,12.38%,396,4784,82.95%,0.319502,64.94%,4.7%,95.5%,"10:44 ET"
MSTR,213.05,2024-11-01,190.00,-10.82%,5.25,184.75,15.32%,124,435,103.56%,0.228816,73.79%,2.8%,94.3%,"10:37 ET"
PLTR,42.93,2024-11-01,42.50,-1.00%,1.16,41.34,3.85%,213,756,45.59%,0.444274,55.06%,2.8%,93.1%,"10:44 ET"
SMCI,47.92,2024-11-01,42.50,-11.31%,1.15,41.35,15.89%,314,549,99.89%,0.229527,75.56%,2.8%,92.3%,"10:33 ET"
JD,39.65,2024-11-01,39.00,-1.64%,1.05,37.95,4.48%,164,759,51.00%,0.403443,57.41%,2.8%,91.8%,"10:40 ET"
TSLA,219.65,2024-11-08,215.00,-2.12%,9.3,205.7,6.78%,194,960,58.32%,0.418622,56.56%,4.5%,91.7%,"10:44 ET"
GOOGL,164.31,2024-11-01,162.50,-1.10%,4.35,158.15,3.90%,259,1423,44.10%,0.447282,55.75%,2.8%,91.3%,"10:39 ET"
CMG,59.65,2024-11-01,58.00,-2.77%,1.55,56.45,5.67%,149,449,55.78%,0.378691,61.40%,2.7%,91.1%,"10:44 ET"
CVNA,192.35,2024-11-15,180.00,-6.42%,10.45,169.55,13.45%,123,789,82.00%,0.342028,62.14%,6.2%,90.0%,"10:08 ET"
ETSY,51.92,2024-11-15,50.00,-3.70%,2.89,47.11,10.21%,291,4345,70.26%,0.389824,58.12%,6.1%,89.6%,"10:44 ET"
AMZN,188.52,2024-11-01,185.00,-1.87%,4.85,180.15,4.65%,349,4737,48.13%,0.411056,58.92%,2.7%,89.3%,"10:42 ET"
NVDA,141.24,2024-11-01,138.00,-2.29%,3.55,134.45,5.05%,1547,5692,47.85%,0.405802,61.00%,2.6%,87.6%,"10:44 ET"
TSLA,219.65,2024-11-01,210.00,-4.39%,5.3,204.7,7.30%,926,3448,61.36%,0.330346,66.34%,2.6%,85.9%,"10:44 ET"
CELH,32.84,2024-11-15,30.00,-8.65%,1.66,28.34,15.88%,125,11464,85.39%,0.316245,65.72%,5.9%,85.5%,"10:44 ET"
NVDA,141.24,2024-11-08,139.00,-1.59%,5.55,133.45,5.84%,311,890,50.83%,0.442948,55.63%,4.2%,84.3%,"10:44 ET"
SMCI,47.92,2024-11-15,42.00,-12.35%,2.25,39.75,20.55%,614,32255,98.67%,0.267645,69.52%,5.7%,82.6%,"10:41 ET"
SMCI,47.92,2024-11-01,42.00,-12.35%,1,41,16.88%,109,2450,99.33%,0.208319,77.78%,2.4%,80.9%,"10:43 ET"
DJT,31.32,2024-11-01,21.00,-32.95%,0.49,20.51,52.71%,101,672,200.26%,0.103024,87.49%,2.4%,79.3%,"10:06 ET"
NVDA,141.24,2024-11-01,137.00,-3.00%,3.15,133.85,5.52%,1545,3033,48.34%,0.373039,64.18%,2.4%,78.1%,"10:44 ET"
HOOD,26.4,2024-11-01,24.00,-9.09%,0.55,23.45,12.58%,115,495,83.81%,0.229075,74.38%,2.3%,77.8%,"10:44 ET"
NVDA,141.24,2024-11-08,138.00,-2.29%,5.1,132.9,6.28%,415,3731,51.03%,0.41788,58.11%,3.8%,77.8%,"10:44 ET"
LVS,50.97,2024-11-01,50.00,-1.90%,1.14,48.86,4.32%,250,292,47.38%,0.381386,59.24%,2.3%,77.4%,"10:24 ET"
JD,39.65,2024-11-15,39.00,-1.64%,1.96,37.04,7.05%,202,3436,56.03%,0.42388,54.49%,5.3%,77.3%,"10:30 ET"
PLTR,42.93,2024-11-08,39.00,-9.15%,1.43,37.57,14.27%,132,1519,83.62%,0.273128,69.74%,3.8%,77.2%,"10:39 ET"
TGTX,23.6,2024-11-15,21.00,-11.02%,1.05,19.95,18.30%,190,788,93.39%,0.273055,68.35%,5.3%,76.8%,"09:42 ET"
PLTR,42.93,2024-11-01,42.00,-2.17%,0.95,41.05,4.58%,240,2764,45.33%,0.385349,60.96%,2.3%,76.8%,"10:44 ET"
NVDA,141.24,2024-11-22,138.00,-2.29%,8.65,129.35,9.19%,129,557,60.82%,0.42363,55.13%,6.7%,76.3%,"10:42 ET"
INTC,22.59,2024-11-01,20.50,-9.25%,0.46,20.04,12.72%,174,744,79.68%,0.240275,75.86%,2.3%,76.2%,"10:43 ET"
MSTR,213.05,2024-11-01,185.00,-13.17%,4.15,180.85,17.80%,109,795,106.35%,0.191449,77.77%,2.3%,76.1%,"10:38 ET"
TSLA,219.65,2024-11-15,215.00,-2.12%,10.5,204.5,7.41%,413,10279,55.45%,0.419555,55.86%,5.1%,75.0%,"10:42 ET"
ENPH,90.96,2024-11-15,80.00,-12.05%,3.85,76.15,19.45%,121,1838,92.60%,0.25622,70.19%,5.1%,73.8%,"10:31 ET"
PLTR,42.93,2024-11-15,40.00,-6.83%,1.9,38.1,12.68%,580,7352,73.20%,0.321966,64.39%,5.0%,72.8%,"10:44 ET"
DKNG,37.16,2024-11-15,35.00,-5.81%,1.66,33.34,11.46%,210,5114,68.06%,0.345799,63.16%,5.0%,72.7%,"10:44 ET"
SMCI,47.92,2024-12-20,45.00,-6.09%,4.8,40.2,19.20%,133,14703,83.19%,0.363153,57.39%,11.9%,72.6%,"10:34 ET"
NVDA,141.24,2024-11-08,137.00,-3.00%,4.7,132.3,6.76%,335,1960,51.43%,0.3934,60.52%,3.6%,72.0%,"10:44 ET"
PLTR,42.93,2024-11-29,42.00,-2.17%,3,39,10.08%,153,393,63.37%,0.41566,54.21%,7.7%,72.0%,"10:40 ET"
TSLA,219.65,2024-11-08,210.00,-4.39%,7.15,202.85,8.28%,211,1270,58.68%,0.349681,63.49%,3.5%,71.5%,"10:44 ET"
AMZN,188.52,2024-11-01,182.50,-3.19%,3.8,178.7,5.50%,142,661,48.15%,0.348984,65.11%,2.1%,70.6%,"10:41 ET"
ELF,115.45,2024-11-15,100.00,-13.38%,4.6,95.4,21.02%,271,896,97.78%,0.239775,71.27%,4.8%,70.4%,"10:33 ET"
AMD,156.3,2024-11-01,145.00,-7.23%,3,142,10.07%,201,2742,65.94%,0.266811,74.39%,2.1%,70.1%,"10:45 ET"
NVDA,141.24,2024-11-01,136.00,-3.71%,2.78,133.22,6.02%,1709,2180,48.26%,0.340226,67.41%,2.1%,69.2%,"10:44 ET"
BBIO,25.5,2024-12-20,25.00,-1.96%,2.55,22.45,13.59%,1002,293,69.89%,0.422946,52.79%,11.4%,69.1%,"10:19 ET"
GOOGL,164.31,2024-11-01,160.00,-2.62%,3.25,156.75,4.82%,216,2926,43.65%,0.367536,63.71%,2.1%,68.8%,"10:44 ET"
ENTG,102.8,2024-11-15,100.00,-2.72%,4.5,95.5,7.64%,200,349,53.60%,0.40432,57.80%,4.7%,68.8%,"10:39 ET"
UAL,74.33,2024-11-01,73.00,-1.79%,1.45,71.55,3.89%,193,477,40.43%,0.386052,60.15%,2.0%,67.2%,"10:19 ET"
NEP,25.83,2024-11-15,25.00,-3.21%,1.1,23.9,8.08%,244,1053,52.83%,0.406322,59.34%,4.6%,67.2%,"10:42 ET"
AMD,156.3,2024-11-15,150.00,-4.03%,6.55,143.45,8.96%,435,10813,55.48%,0.384206,61.16%,4.6%,66.7%,"10:44 ET"
NVDA,141.24,2024-11-08,136.00,-3.71%,4.3,131.7,7.24%,100,534,51.43%,0.368879,62.97%,3.3%,66.2%,"10:40 ET"
COIN,212.83,2024-11-01,185.00,-13.08%,3.6,181.4,17.33%,127,251,94.98%,0.180349,80.23%,2.0%,65.9%,"10:44 ET"
NVDA,141.24,2024-11-29,138.00,-2.29%,9.05,128.95,9.53%,172,354,57.91%,0.422372,54.88%,7.0%,65.7%,"10:39 ET"
NVDA,141.24,2024-11-15,138.00,-2.29%,5.9,132.1,6.92%,927,5993,49.24%,0.419855,57.15%,4.5%,65.2%,"10:45 ET"
NVDA,141.24,2024-11-22,135.00,-4.42%,7.3,127.7,10.60%,1189,4062,61.18%,0.376453,59.85%,5.7%,65.2%,"10:44 ET"
META,572.72,2024-11-15,565.00,-1.35%,24.1,540.9,5.88%,101,862,47.12%,0.432596,54.38%,4.5%,65.1%,"10:43 ET"
AVGO,181.25,2024-11-01,175.00,-3.45%,3.35,171.65,5.59%,220,1575,43.10%,0.358305,68.05%,2.0%,64.8%,"10:41 ET"
TSLA,219.65,2024-11-22,215.00,-2.12%,11.55,203.45,7.96%,122,540,53.61%,0.419565,55.36%,5.7%,64.8%,"10:43 ET"
GME,20.93,2024-11-01,20.50,-2.05%,0.39,20.11,4.08%,128,782,37.88%,0.388828,62.39%,1.9%,64.4%,"10:44 ET"
ADI,224.97,2024-11-01,222.50,-1.10%,4.2,218.3,3.06%,298,1505,33.14%,0.438821,57.61%,1.9%,63.8%,"09:35 ET"
SMCI,47.92,2025-01-17,46.00,-4.01%,6.1,39.9,20.10%,102,5746,79.03%,0.381524,54.20%,15.3%,63.4%,"10:44 ET"
SMCI,47.92,2024-11-15,40.00,-16.53%,1.65,38.35,24.95%,271,27660,98.59%,0.209095,75.81%,4.3%,62.8%,"10:40 ET"
PLTR,42.93,2024-11-08,38.00,-11.48%,1.14,36.86,16.47%,167,1404,83.36%,0.228077,74.50%,3.1%,62.7%,"10:44 ET"
VSCO,28,2024-11-15,27.00,-3.57%,1.1,25.9,8.11%,133,1997,57.82%,0.363909,59.50%,4.2%,62.0%,"10:19 ET"
CELH,32.84,2024-11-01,30.00,-8.65%,0.55,29.45,11.51%,117,2052,68.74%,0.231638,77.58%,1.9%,62.0%,"10:36 ET"
PLTR,42.93,2024-11-01,41.50,-3.33%,0.76,40.74,5.38%,170,748,45.44%,0.328835,66.62%,1.9%,61.9%,"10:44 ET"
NVDA,141.24,2024-11-01,135.00,-4.42%,2.45,132.55,6.56%,5431,6855,48.66%,0.309684,70.36%,1.8%,61.3%,"10:45 ET"
LRCX,72.77,2024-11-15,70.00,-3.81%,2.81,67.19,8.30%,339,1880,53.76%,0.374178,60.87%,4.2%,61.1%,"10:17 ET"
SQ,74.25,2024-11-15,70.00,-5.72%,2.81,67.19,10.51%,888,1552,62.35%,0.324904,64.10%,4.2%,61.1%,"10:43 ET"
MSTR,213.05,2024-11-01,180.00,-15.51%,3.25,176.75,20.54%,114,689,106.24%,0.153404,81.96%,1.8%,61.0%,"10:39 ET"
TSLA,219.65,2024-11-01,205.00,-6.67%,3.7,201.3,9.12%,730,1428,61.20%,0.252376,74.21%,1.8%,61.0%,"10:44 ET"
MSFT,417.27,2024-11-01,410.00,-1.74%,7.35,402.65,3.63%,108,1775,35.70%,0.394676,61.16%,1.8%,60.6%,"10:40 ET"
TSLA,219.65,2024-11-15,210.00,-4.39%,8.35,201.65,8.93%,598,13288,55.76%,0.357704,62.09%,4.1%,60.5%,"10:43 ET"
NVDA,141.24,2024-11-08,135.00,-4.42%,3.9,131.1,7.73%,643,7328,51.64%,0.345091,65.32%,3.0%,60.3%,"10:44 ET"
SMCI,47.92,2025-01-17,45.00,-6.09%,5.6,39.4,21.62%,1222,19428,79.24%,0.359966,56.42%,14.2%,59.0%,"10:35 ET"
ZETA,26.81,2024-12-20,25.00,-6.75%,2.2,22.8,17.59%,104,1828,79.03%,0.346953,58.63%,9.6%,58.7%,"10:34 ET"
NVDA,141.24,2024-11-22,133.00,-5.83%,6.5,126.5,11.65%,109,1029,61.56%,0.345988,62.92%,5.1%,58.6%,"10:41 ET"
COIN,212.83,2024-11-01,182.50,-14.25%,3.1,179.4,18.63%,184,755,95.39%,0.160337,82.34%,1.7%,57.3%,"10:40 ET"
ONON,47.82,2024-11-15,45.00,-5.90%,1.69,43.31,10.41%,254,5405,60.59%,0.320741,64.93%,3.9%,57.0%,"10:40 ET"
NVDA,141.24,2024-11-29,135.00,-4.42%,7.7,127.3,10.95%,126,2922,58.11%,0.377344,59.40%,6.0%,56.6%,"10:44 ET"
BA,161.57,2024-11-01,155.00,-4.07%,2.6,152.4,6.02%,413,1472,49.47%,0.291063,68.56%,1.7%,56.6%,"10:42 ET"
TSM,202.5,2024-11-01,197.50,-2.47%,3.3,194.2,4.27%,553,733,37.77%,0.363473,64.85%,1.7%,56.4%,"10:42 ET"
GOOG,166.05,2024-11-01,160.00,-3.64%,2.67,157.33,5.54%,362,1179,43.88%,0.317903,68.69%,1.7%,56.3%,"10:43 ET"
NVDA,141.24,2024-11-15,136.00,-3.71%,5.05,130.95,7.86%,558,4490,49.55%,0.376344,61.47%,3.9%,56.3%,"10:44 ET"
AMZN,188.52,2024-11-01,180.00,-4.52%,2.97,177.03,6.49%,806,3549,48.22%,0.290194,70.97%,1.7%,55.7%,"10:44 ET"
NVDA,141.24,2024-11-08,134.00,-5.13%,3.55,130.45,8.27%,127,1412,52.05%,0.32243,67.55%,2.7%,55.2%,"10:40 ET"
EQT,36.43,2024-11-15,36.00,-1.18%,1.31,34.69,5.02%,102,385,39.56%,0.444676,54.57%,3.8%,55.1%,"10:37 ET"
MRNA,54.03,2024-12-20,50.00,-7.46%,4.15,45.85,17.84%,122,1024,71.19%,0.343742,60.59%,9.1%,55.1%,"10:42 ET"
TSLA,219.65,2024-11-08,205.00,-6.67%,5.4,199.6,10.05%,139,2919,58.97%,0.284521,70.10%,2.7%,54.9%,"10:44 ET"
SMCI,47.92,2024-11-01,40.00,-16.53%,0.65,39.35,21.78%,313,5525,102.93%,0.143848,84.40%,1.7%,54.8%,"10:42 ET"
MU,110.03,2024-11-01,105.00,-4.57%,1.69,103.31,6.50%,517,438,45.47%,0.300482,72.33%,1.6%,54.3%,"10:39 ET"
NVDA,141.24,2024-11-01,134.00,-5.13%,2.15,131.85,7.12%,2346,3913,48.95%,0.280295,73.21%,1.6%,54.1%,"10:44 ET"
META,572.72,2024-11-15,555.00,-3.09%,19.7,535.3,6.99%,319,1781,47.37%,0.376539,60.01%,3.7%,53.7%,"10:40 ET"
BABA,100.89,2024-11-01,98.00,-2.86%,1.56,96.44,4.61%,839,5173,39.46%,0.337602,66.43%,1.6%,53.7%,"10:42 ET"
DASH,151.55,2024-11-15,145.00,-4.32%,5.1,139.9,8.33%,184,569,52.09%,0.346116,62.71%,3.6%,53.2%,"10:43 ET"
DAL,55.19,2024-11-01,54.00,-2.16%,0.85,53.15,3.84%,285,547,36.29%,0.360079,63.53%,1.6%,53.1%,"10:38 ET"
AA,41.52,2024-11-15,40.00,-3.66%,1.4,38.6,7.56%,512,4041,49.80%,0.357273,61.26%,3.6%,53.0%,"10:37 ET"
NVDA,141.24,2024-11-15,135.00,-4.42%,4.7,130.3,8.40%,2683,15156,49.80%,0.355317,63.56%,3.6%,52.7%,"10:45 ET"
NVDA,141.24,2024-12-20,138.00,-2.29%,10.75,127.25,10.99%,325,5091,54.75%,0.418234,54.16%,8.4%,51.4%,"10:42 ET"
ASML,717.3,2024-11-01,700.00,-2.41%,10.6,689.4,4.05%,100,348,36.50%,0.351383,65.00%,1.5%,51.0%,"10:45 ET"
DKNG,37.16,2024-11-01,35.00,-5.81%,0.53,34.47,7.80%,154,1499,51.80%,0.261753,74.73%,1.5%,51.0%,"10:36 ET"
SBUX,96.57,2024-11-15,95.00,-1.63%,3.2,91.8,5.20%,127,7508,39.75%,0.417181,56.26%,3.5%,50.9%,"10:38 ET"
TSLA,219.65,2024-11-01,202.50,-7.81%,3.05,199.45,10.13%,206,451,61.37%,0.217476,77.73%,1.5%,50.7%,"10:43 ET"
TLN,177,2024-11-15,155.00,-12.43%,5.2,149.8,18.16%,330,280,78.33%,0.237134,74.13%,3.5%,50.7%,"10:21 ET"
COIN,212.83,2024-11-01,180.00,-15.43%,2.7,177.3,20.04%,306,1155,96.12%,0.142431,84.23%,1.5%,50.5%,"10:38 ET"
FCX,48.11,2024-11-15,47.00,-2.31%,1.57,45.43,5.90%,503,6555,42.00%,0.394671,58.41%,3.5%,50.5%,"10:30 ET"
SIRI,27.28,2024-11-15,26.00,-4.69%,0.86,25.14,8.51%,114,646,56.39%,0.329026,62.77%,3.4%,49.9%,"10:32 ET"
SMCI,47.92,2024-12-20,41.00,-14.44%,3.1,37.9,26.44%,220,10230,83.20%,0.265226,67.81%,8.2%,49.8%,"10:40 ET"
ENPH,90.96,2024-11-15,75.00,-17.55%,2.46,72.54,25.39%,147,1426,94.74%,0.182358,78.18%,3.4%,49.5%,"10:22 ET"
NVDA,141.24,2024-11-22,130.00,-7.96%,5.4,124.6,13.35%,1074,5856,61.97%,0.301688,67.44%,4.3%,49.4%,"10:45 ET"
AMZN,188.52,2024-11-15,185.00,-1.87%,6.05,178.95,5.35%,278,10864,39.03%,0.415049,57.32%,3.4%,49.4%,"10:42 ET"
NVDA,141.24,2024-11-15,134.00,-5.13%,4.35,129.65,8.94%,487,5657,50.16%,0.335017,65.57%,3.4%,49.0%,"10:44 ET"
HOOD,26.4,2025-01-17,26.00,-1.52%,2.74,23.26,13.50%,109,1226,60.80%,0.408358,52.04%,11.8%,48.9%,"10:28 ET"
PLTR,42.93,2024-11-15,38.00,-11.48%,1.23,36.77,16.75%,214,9202,73.64%,0.233509,73.66%,3.3%,48.8%,"10:44 ET"
META,572.72,2024-11-15,550.00,-3.97%,17.75,532.25,7.60%,140,1880,47.54%,0.34942,62.75%,3.3%,48.7%,"10:39 ET"
PLTR,42.93,2024-11-01,41.00,-4.50%,0.59,40.41,6.24%,282,1864,45.83%,0.27666,71.84%,1.5%,48.4%,"10:42 ET"
AMD,156.3,2024-11-15,145.00,-7.23%,4.65,140.35,11.36%,137,10549,56.16%,0.300082,69.52%,3.3%,48.4%,"10:44 ET"
SYF,56.15,2024-11-15,55.00,-2.05%,1.75,53.25,5.45%,581,1762,43.71%,0.391679,57.18%,3.3%,48.0%,"10:44 ET"
TSLA,219.65,2024-11-15,205.00,-6.67%,6.5,198.5,10.65%,196,7213,56.03%,0.298564,68.11%,3.3%,47.8%,"10:43 ET"
NFLX,762.67,2024-11-01,755.00,-1.01%,10.7,744.3,2.47%,186,386,26.56%,0.421677,58.67%,1.4%,47.7%,"10:39 ET"
SMCI,47.92,2024-11-15,38.00,-20.70%,1.2,36.8,30.22%,144,7563,101.56%,0.161888,80.86%,3.3%,47.6%,"10:35 ET"
NVDA,141.24,2024-11-01,133.00,-5.83%,1.88,131.12,7.72%,761,6741,49.20%,0.252265,75.92%,1.4%,47.6%,"10:44 ET"
NVDA,141.24,2024-12-20,136.00,-3.71%,9.8,126.2,11.92%,112,4211,54.88%,0.392487,56.75%,7.8%,47.2%,"10:28 ET"
UAL,74.33,2024-11-01,72.00,-3.13%,1,71,4.69%,143,449,40.24%,0.312876,67.58%,1.4%,46.7%,"10:35 ET"
NXPI,230.2,2024-11-15,220.00,-4.43%,6.8,213.2,7.97%,102,430,47.58%,0.339294,64.21%,3.2%,46.6%,"10:35 ET"
NVDA,141.24,2024-11-08,132.00,-6.54%,2.96,129.04,9.45%,346,1311,52.34%,0.278043,71.98%,2.3%,46.5%,"10:44 ET"
NVDA,141.24,2024-11-22,129.00,-8.67%,5.05,123.95,13.95%,201,444,62.10%,0.28738,68.90%,4.1%,46.5%,"10:42 ET"
PDD,125.44,2024-11-15,120.00,-4.34%,3.7,116.3,7.86%,924,14703,47.24%,0.33747,64.00%,3.2%,46.4%,"10:27 ET"
AAPL,235.67,2024-11-01,232.50,-1.35%,3.2,229.3,2.78%,246,1433,29.24%,0.378249,60.52%,1.4%,46.3%,"10:44 ET"
FUTU,91.81,2024-12-20,85.00,-7.42%,6,79,16.22%,100,1160,65.03%,0.334229,61.50%,7.6%,46.2%,"09:50 ET"
TSLA,219.65,2024-12-20,215.00,-2.12%,15.15,199.85,9.91%,174,3546,50.46%,0.416147,54.16%,7.6%,46.1%,"10:44 ET"
DKNG,37.16,2024-11-15,33.00,-11.19%,1.01,31.99,16.16%,252,873,70.12%,0.238311,74.12%,3.2%,46.1%,"10:40 ET"
MU,110.03,2024-11-01,104.00,-5.48%,1.4,102.6,7.24%,124,268,45.83%,0.261044,76.07%,1.4%,45.3%,"10:42 ET"
NVDA,141.24,2024-12-20,135.00,-4.42%,9.35,125.65,12.41%,568,16883,54.90%,0.379729,58.04%,7.4%,45.3%,"10:44 ET"
CSGP,78.25,2024-11-15,75.00,-4.15%,2.25,72.75,7.56%,292,541,45.13%,0.349351,64.03%,3.1%,45.2%,"10:08 ET"
UAL,74.33,2024-11-15,72.50,-2.46%,2.14,70.36,5.64%,138,796,38.14%,0.389899,59.86%,3.0%,44.4%,"10:43 ET"
SNOW,120.26,2024-12-20,115.00,-4.37%,7.75,107.25,12.13%,176,2592,55.03%,0.373282,57.94%,7.2%,44.0%,"10:34 ET"
BKR,36.51,2024-11-15,36.00,-1.40%,1.05,34.95,4.46%,581,373,36.34%,0.413986,55.88%,3.0%,43.9%,"10:29 ET"
NVDA,141.24,2024-11-29,130.00,-7.96%,5.8,124.2,13.72%,185,2272,58.94%,0.305835,66.66%,4.7%,43.7%,"10:41 ET"
VRT,112.26,2024-11-15,100.00,-10.92%,2.9,97.1,15.61%,143,1231,67.70%,0.230185,74.30%,3.0%,43.6%,"10:39 ET"
VSCO,28,2024-11-15,26.00,-7.14%,0.75,25.25,10.89%,133,739,58.76%,0.27723,68.50%,3.0%,43.4%,"10:26 ET"
NVDA,141.24,2024-12-20,134.00,-5.13%,8.9,125.1,12.90%,132,3253,55.12%,0.367181,59.31%,7.1%,43.3%,"10:44 ET"
AMD,156.3,2024-11-01,140.00,-10.43%,1.8,138.2,13.10%,222,2407,66.58%,0.178384,82.97%,1.3%,43.2%,"10:45 ET"
BABA,100.89,2024-11-01,97.00,-3.86%,1.24,95.76,5.36%,281,3090,40.82%,0.290439,71.05%,1.3%,43.0%,"10:39 ET"
AMZN,188.52,2024-11-01,177.50,-5.85%,2.25,175.25,7.57%,468,1019,48.13%,0.235313,76.45%,1.3%,42.6%,"10:44 ET"
TSLA,219.65,2024-11-01,200.00,-8.95%,2.53,197.47,11.23%,2783,3945,62.16%,0.187401,80.75%,1.3%,42.5%,"10:44 ET"
OZK,43.66,2024-11-15,42.50,-2.66%,1.2,41.3,5.71%,259,1006,39.33%,0.366362,60.32%,2.9%,42.4%,"10:16 ET"
PLTR,42.93,2024-11-22,38.00,-11.48%,1.36,36.64,17.17%,191,741,68.68%,0.240789,72.57%,3.7%,42.3%,"10:39 ET"
TSM,202.5,2024-11-01,195.00,-3.70%,2.44,192.56,5.16%,129,460,37.17%,0.290615,72.07%,1.3%,42.0%,"10:39 ET"
NVDA,141.24,2024-11-01,132.00,-6.54%,1.64,130.36,8.35%,705,2114,49.61%,0.226551,78.39%,1.3%,41.7%,"10:45 ET"
PLTR,42.93,2024-12-20,40.00,-6.83%,2.56,37.44,14.66%,252,3609,59.34%,0.334605,61.56%,6.8%,41.6%,"10:37 ET"
NVDA,141.24,2024-11-15,132.00,-6.54%,3.65,128.35,10.04%,412,6967,50.34%,0.294732,69.62%,2.8%,41.5%,"10:42 ET"
NVDA,141.24,2024-11-22,127.00,-10.08%,4.45,122.55,15.25%,113,935,62.64%,0.260348,71.67%,3.6%,41.4%,"10:43 ET"
TSLA,219.65,2024-11-08,200.00,-8.95%,4,196,12.07%,372,1461,59.34%,0.225281,76.15%,2.0%,41.4%,"10:44 ET"
BA,161.57,2024-11-15,155.00,-4.07%,4.25,150.75,7.18%,364,3703,43.79%,0.330369,64.14%,2.8%,41.2%,"10:41 ET"
GE,193.78,2024-11-15,190.00,-1.95%,5.2,184.8,4.86%,1574,411,33.91%,0.405381,58.78%,2.8%,41.1%,"10:41 ET"
NVDA,141.24,2025-01-17,138.00,-2.29%,12.35,125.65,12.41%,155,2000,52.08%,0.412924,53.62%,9.8%,40.8%,"10:45 ET"
CI,321.82,2024-11-15,310.00,-3.67%,8.4,301.6,6.70%,179,436,46.54%,0.334422,62.07%,2.8%,40.7%,"10:38 ET"
SMCI,47.92,2024-11-15,37.00,-22.79%,1,36,33.11%,1116,4401,103.18%,0.14135,83.09%,2.8%,40.6%,"10:29 ET"
INTC,22.59,2024-12-20,21.00,-7.04%,1.31,19.69,14.73%,205,21051,56.27%,0.341149,62.55%,6.7%,40.5%,"10:44 ET"
SRPT,127.86,2024-11-15,120.00,-6.15%,3.2,116.8,9.47%,370,1187,53.33%,0.29034,67.53%,2.7%,40.0%,"10:44 ET"
CRH,92.74,2024-11-15,90.00,-2.95%,2.4,87.6,5.87%,1002,2249,39.29%,0.368596,61.47%,2.7%,40.0%,"10:40 ET"
PLTR,42.93,2024-11-15,37.00,-13.81%,0.98,36.02,19.18%,243,12062,74.05%,0.194281,77.85%,2.7%,39.7%,"10:44 ET"
TSLA,219.65,2024-12-20,210.00,-4.39%,12.85,197.15,11.41%,151,7706,50.62%,0.371631,58.66%,6.5%,39.7%,"10:43 ET"
NVDA,141.24,2024-12-20,132.00,-6.54%,8.05,123.95,13.95%,246,5305,55.24%,0.34211,61.87%,6.5%,39.5%,"10:39 ET"
PAAS,25.42,2025-01-17,25.00,-1.65%,2.15,22.85,11.25%,603,651,48.14%,0.434106,52.81%,9.4%,39.0%,"10:42 ET"
NFLX,762.67,2024-11-01,750.00,-1.66%,8.7,741.3,2.88%,306,867,26.76%,0.36666,64.08%,1.2%,38.9%,"10:44 ET"
UPS,133.41,2024-11-15,130.00,-2.56%,3.35,126.65,5.34%,2060,2067,37.48%,0.367277,60.41%,2.6%,38.6%,"10:36 ET"
NVDA,141.24,2024-11-08,130.00,-7.96%,2.42,127.58,10.71%,784,4624,52.85%,0.237463,76.01%,1.9%,38.5%,"10:43 ET"
TSLA,219.65,2025-01-17,215.00,-2.12%,18.2,196.8,11.61%,133,3630,49.78%,0.411506,53.49%,9.2%,38.4%,"10:42 ET"
LRCX,72.77,2024-12-20,70.00,-3.81%,4.15,65.85,10.51%,134,1497,47.38%,0.384203,58.01%,6.3%,38.3%,"10:41 ET"
PLTR,42.93,2024-11-01,40.50,-5.66%,0.46,40.04,7.22%,465,1053,46.44%,0.23009,76.51%,1.1%,38.1%,"10:44 ET"
FCX,48.11,2024-11-15,46.00,-4.39%,1.17,44.83,7.32%,153,1340,42.64%,0.323421,65.61%,2.6%,38.1%,"10:39 ET"
APH,67.32,2024-11-15,65.00,-3.45%,1.65,63.35,6.27%,476,9654,38.57%,0.352422,63.59%,2.6%,38.0%,"10:42 ET"
NVDA,141.24,2025-01-17,136.00,-3.71%,11.4,124.6,13.35%,418,4567,52.16%,0.39023,55.87%,9.1%,37.9%,"10:42 ET"
TSLA,219.65,2024-11-15,200.00,-8.95%,5,195,12.64%,1462,21049,56.31%,0.243651,73.76%,2.6%,37.4%,"10:44 ET"
SMCI,47.92,2024-12-20,38.00,-20.70%,2.2,35.8,33.85%,133,2673,86.00%,0.201378,74.71%,6.1%,37.4%,"10:33 ET"
AVGO,181.25,2024-12-20,174.00,-4.00%,10,164,10.52%,101,1170,45.27%,0.390526,58.80%,6.1%,37.1%,"10:08 ET"
AVGO,181.25,2024-11-01,170.00,-6.21%,1.87,168.13,7.80%,367,1536,43.89%,0.230023,79.98%,1.1%,36.9%,"10:44 ET"
PFE,29.08,2024-11-08,28.00,-3.71%,0.5,27.5,5.75%,155,1571,37.66%,0.311289,67.46%,1.8%,36.9%,"10:41 ET"
UBER,80.11,2024-11-15,75.00,-6.38%,1.83,73.17,9.48%,112,7368,48.05%,0.276688,69.99%,2.5%,36.5%,"10:21 ET"
NVDA,141.24,2025-01-17,135.00,-4.42%,10.9,124.1,13.81%,225,5136,52.18%,0.379112,57.00%,8.8%,36.4%,"10:43 ET"
NVDA,141.24,2024-11-01,131.00,-7.25%,1.42,129.58,9.00%,922,3670,49.74%,0.201398,80.83%,1.1%,36.4%,"10:45 ET"
QCOM,169.26,2024-12-20,165.00,-2.52%,9.3,155.7,8.71%,104,1264,41.33%,0.417114,56.04%,6.0%,36.3%,"10:40 ET"
NVDA,141.24,2024-11-22,125.00,-11.50%,3.85,121.15,16.58%,269,4569,62.52%,0.232978,74.53%,3.2%,36.2%,"10:40 ET"
NVDA,141.24,2024-12-20,130.00,-7.96%,7.3,122.7,15.11%,901,20294,55.40%,0.317559,64.40%,5.9%,36.2%,"10:44 ET"
GOOGL,164.31,2024-11-01,155.00,-5.67%,1.66,153.34,7.15%,219,1815,43.98%,0.225682,77.76%,1.1%,35.9%,"10:44 ET"
GM,49.17,2024-11-15,47.00,-4.41%,1.12,45.88,7.17%,110,3328,40.49%,0.315225,66.49%,2.4%,35.6%,"10:35 ET"
OXY,51.71,2024-11-01,51.00,-1.37%,0.54,50.46,2.48%,183,604,26.62%,0.339754,61.76%,1.1%,35.5%,"10:38 ET"
NVDA,141.24,2025-01-17,134.00,-5.13%,10.45,123.55,14.32%,121,4010,52.25%,0.368071,58.12%,8.5%,35.1%,"10:39 ET"
NVDA,141.24,2024-11-15,130.00,-7.96%,3.05,126.95,11.26%,4719,26972,50.80%,0.257487,73.36%,2.4%,35.1%,"10:44 ET"
AAPL,235.67,2024-11-01,230.00,-2.41%,2.4,227.6,3.55%,1651,5998,29.79%,0.303201,68.12%,1.1%,35.0%,"10:44 ET"
TSLA,219.65,2024-11-01,197.50,-10.08%,2.06,195.44,12.39%,161,268,62.51%,0.158868,83.63%,1.1%,35.0%,"10:41 ET"
NVDA,141.24,2024-11-08,129.00,-8.67%,2.18,126.82,11.37%,110,715,53.17%,0.218726,77.87%,1.7%,34.9%,"10:40 ET"
MSFT,417.27,2024-11-15,410.00,-1.74%,9.55,400.45,4.20%,131,7188,29.35%,0.403273,59.05%,2.4%,34.8%,"10:43 ET"
TSLA,219.65,2024-11-22,200.00,-8.95%,5.85,194.15,13.13%,318,1038,54.41%,0.256623,71.96%,3.0%,34.4%,"10:41 ET"
MSFT,417.27,2024-11-01,400.00,-4.14%,4.1,395.9,5.40%,154,3782,36.16%,0.25496,74.96%,1.0%,34.4%,"10:43 ET"
AMZN,188.52,2024-11-15,180.00,-4.52%,4.1,175.9,7.17%,408,13743,39.24%,0.314673,67.38%,2.3%,34.0%,"10:44 ET"
GILD,86.38,2024-11-15,85.00,-1.60%,1.93,83.07,3.98%,144,1630,28.85%,0.405832,58.45%,2.3%,33.9%,"10:39 ET"
SMCI,47.92,2025-01-17,38.00,-20.70%,2.85,35.15,36.33%,103,2724,81.32%,0.216049,71.93%,8.1%,33.6%,"10:24 ET"
PLTR,42.93,2025-01-17,40.00,-6.83%,3,37,16.03%,139,4398,54.94%,0.337562,60.34%,8.1%,33.6%,"10:43 ET"
AMD,156.3,2024-11-15,140.00,-10.43%,3.15,136.85,14.21%,229,15943,56.76%,0.224505,77.08%,2.3%,33.6%,"10:44 ET"
DXCM,73.14,2024-12-20,65.00,-11.13%,3.4,61.6,18.73%,418,504,61.75%,0.270616,68.13%,5.5%,33.6%,"10:14 ET"
MRNA,54.03,2024-12-20,45.00,-16.71%,2.34,42.66,26.65%,1005,301,72.45%,0.223389,73.32%,5.5%,33.4%,"10:42 ET"
ADBE,498.4,2024-11-15,490.00,-1.69%,10.9,479.1,4.03%,116,1362,29.30%,0.400079,58.77%,2.3%,33.2%,"10:40 ET"
ARM,152.82,2024-12-20,130.00,-14.93%,6.65,123.35,23.89%,230,4844,68.42%,0.235821,72.01%,5.4%,32.8%,"10:37 ET"
NVDA,141.24,2024-11-15,129.00,-8.67%,2.82,126.18,11.94%,456,7013,51.12%,0.24018,75.10%,2.2%,32.6%,"10:43 ET"
NVDA,141.24,2024-11-29,125.00,-11.50%,4.2,120.8,16.92%,139,1578,59.19%,0.238902,73.61%,3.5%,32.5%,"10:44 ET"
NFLX,762.67,2024-11-15,755.00,-1.01%,16.4,738.6,3.26%,101,321,25.81%,0.431185,55.95%,2.2%,32.4%,"10:41 ET"
BABA,100.89,2024-11-15,95.00,-5.84%,2.06,92.94,8.55%,398,12660,42.36%,0.283982,70.63%,2.2%,32.4%,"10:40 ET"
AMZN,188.52,2024-11-01,175.00,-7.17%,1.68,173.32,8.77%,536,4416,48.55%,0.188244,81.14%,1.0%,32.2%,"10:43 ET"
JD,39.65,2024-12-20,37.00,-6.68%,1.85,35.15,12.80%,105,1355,48.83%,0.326755,63.66%,5.3%,32.0%,"10:34 ET"
FRO,21.9,2024-11-15,21.00,-4.11%,0.45,20.55,6.57%,105,937,37.73%,0.331563,66.46%,2.2%,32.0%,"10:20 ET"
SAP,230.21,2024-11-15,220.00,-4.44%,4.7,215.3,6.93%,474,320,37.47%,0.313802,67.82%,2.2%,31.9%,"10:40 ET"
NVDA,141.24,2024-11-08,128.00,-9.37%,1.97,126.03,12.07%,264,1795,53.50%,0.201021,79.63%,1.6%,31.7%,"10:43 ET"
NVDA,141.24,2024-11-01,130.00,-7.96%,1.23,128.77,9.68%,4137,18742,50.27%,0.17963,82.90%,1.0%,31.7%,"10:45 ET"
MU,110.03,2025-01-17,105.00,-4.57%,7.45,97.55,12.79%,144,9356,46.99%,0.377444,58.04%,7.6%,31.7%,"10:42 ET"
PLTR,42.93,2024-11-15,36.00,-16.14%,0.76,35.24,21.82%,234,6156,74.40%,0.158654,81.71%,2.2%,31.5%,"10:44 ET"
TSM,202.5,2024-11-08,190.00,-6.17%,2.88,187.12,8.22%,273,1728,42.59%,0.247188,74.97%,1.5%,31.2%,"10:39 ET"
TSLA,219.65,2024-11-29,200.00,-8.95%,6.45,193.55,13.48%,125,386,52.10%,0.263745,70.89%,3.3%,31.2%,"10:41 ET"
PFE,29.08,2024-11-01,28.00,-3.71%,0.26,27.74,4.83%,208,3997,34.20%,0.253153,73.81%,0.9%,31.1%,"10:43 ET"
TSM,202.5,2025-01-17,200.00,-1.23%,13.9,186.1,8.81%,103,546,39.65%,0.432171,52.54%,7.5%,31.0%,"10:32 ET"
BA,161.57,2024-11-01,150.00,-7.16%,1.38,148.62,8.71%,360,4274,50.27%,0.179195,80.27%,0.9%,30.8%,"10:39 ET"
PLTR,42.93,2024-12-20,38.00,-11.48%,1.83,36.17,18.69%,113,4376,59.94%,0.261724,69.21%,5.1%,30.8%,"10:40 ET"
COF,157.22,2024-12-20,155.00,-1.41%,7.4,147.6,6.52%,253,269,36.13%,0.413252,53.87%,5.0%,30.5%,"10:32 ET"
DVN,40.44,2024-12-20,40.00,-1.09%,1.9,38.1,6.14%,102,2239,33.98%,0.432193,53.16%,5.0%,30.3%,"10:42 ET"
PLTR,42.93,2024-11-01,40.00,-6.83%,0.36,39.64,8.30%,331,5442,47.21%,0.189573,80.58%,0.9%,30.1%,"10:44 ET"
NVDA,141.24,2025-01-17,130.00,-7.96%,8.8,121.2,16.53%,2179,34602,52.59%,0.324403,62.59%,7.3%,30.1%,"10:42 ET"
NVDA,141.24,2024-11-15,128.00,-9.37%,2.58,125.42,12.61%,266,6128,51.29%,0.223038,76.83%,2.1%,30.0%,"10:44 ET"
NVDA,141.24,2024-12-20,126.00,-10.79%,5.9,120.1,17.60%,141,4325,55.95%,0.270613,69.26%,4.9%,29.9%,"10:33 ET"
VSCO,28,2024-11-15,25.00,-10.71%,0.5,24.5,14.29%,139,355,58.07%,0.196276,77.21%,2.0%,29.8%,"10:23 ET"
NVDA,141.24,2024-11-22,122.00,-13.62%,3.1,118.9,18.79%,536,1207,63.31%,0.19704,78.27%,2.6%,29.7%,"10:45 ET"
TSLA,219.65,2025-01-17,205.00,-6.67%,13.7,191.3,14.82%,108,2224,50.14%,0.337036,61.04%,7.2%,29.7%,"10:22 ET"
DIS,97.11,2024-11-08,95.00,-2.17%,1.37,93.63,3.72%,161,841,27.30%,0.348333,64.15%,1.5%,29.7%,"10:09 ET"
AAPL,235.67,2024-11-08,230.00,-2.41%,3.3,226.7,3.96%,271,1974,28.62%,0.32973,64.92%,1.5%,29.5%,"10:40 ET"
CRWD,314.7,2025-01-17,300.00,-4.67%,19.85,280.15,12.33%,115,2714,45.31%,0.369881,58.51%,7.1%,29.4%,"10:20 ET"
SMCI,47.92,2024-11-08,35.00,-26.96%,0.5,34.5,38.90%,1149,723,113.74%,0.08894,89.32%,1.4%,29.4%,"10:40 ET"
QCOM,169.26,2024-11-01,160.00,-5.47%,1.4,158.6,6.72%,194,686,37.62%,0.219068,80.55%,0.9%,29.3%,"10:44 ET"
PFE,29.08,2024-11-15,28.00,-3.71%,0.55,27.45,5.94%,122,17284,33.41%,0.317783,66.74%,2.0%,29.3%,"10:39 ET"
NFLX,762.67,2024-11-15,750.00,-1.66%,14.7,735.3,3.72%,162,631,26.18%,0.39357,59.66%,2.0%,29.2%,"10:36 ET"
DAL,55.19,2024-11-15,52.50,-4.87%,1.02,51.48,7.21%,299,3227,38.43%,0.291929,69.04%,2.0%,28.9%,"10:31 ET"
AMZN,188.52,2024-11-22,180.00,-4.52%,4.45,175.55,7.39%,153,417,36.97%,0.32043,66.37%,2.5%,28.9%,"10:40 ET"
NVDA,141.24,2025-01-17,129.00,-8.67%,8.4,120.6,17.11%,178,3837,52.64%,0.313724,63.71%,7.0%,28.9%,"10:15 ET"
TSLA,219.65,2024-11-01,195.00,-11.22%,1.68,193.32,13.62%,419,1606,63.03%,0.133892,86.17%,0.9%,28.8%,"10:44 ET"
UAL,74.33,2024-11-15,70.00,-5.83%,1.35,68.65,8.27%,376,5576,39.54%,0.270526,71.91%,2.0%,28.7%,"10:44 ET"
UAL,74.33,2024-11-01,70.00,-5.83%,0.6,69.4,7.10%,250,1855,42.23%,0.197103,79.35%,0.9%,28.7%,"10:44 ET"
TSLA,219.65,2024-12-20,200.00,-8.95%,9,191,15.00%,301,10598,51.03%,0.28628,67.47%,4.7%,28.7%,"10:40 ET"
TSLA,219.65,2024-11-15,195.00,-11.22%,3.75,191.25,14.85%,253,5258,57.03%,0.195522,78.74%,2.0%,28.6%,"10:44 ET"
CPRI,42.11,2025-01-17,22.50,-46.57%,1.45,21.05,100.05%,100,11235,126.52%,0.08992,84.35%,6.9%,28.6%,"10:22 ET"
GOOG,166.05,2024-11-01,155.00,-6.65%,1.31,153.69,8.04%,258,1231,43.86%,0.186374,81.71%,0.9%,28.3%,"10:40 ET"
OXY,51.71,2024-11-15,50.00,-3.31%,0.95,49.05,5.42%,105,15520,33.49%,0.312928,64.94%,1.9%,28.3%,"10:34 ET"
NVDA,141.24,2024-12-20,125.00,-11.50%,5.55,119.45,18.24%,769,20644,55.93%,0.258946,70.49%,4.6%,28.3%,"10:44 ET"
MMM,134.89,2024-11-15,125.00,-7.33%,2.34,122.66,9.97%,134,3618,46.16%,0.243327,73.58%,1.9%,27.9%,"10:30 ET"
AVGO,181.25,2025-01-17,172.00,-5.10%,10.8,161.2,12.44%,133,807,43.16%,0.369589,59.76%,6.7%,27.8%,"10:16 ET"
NVDA,141.24,2024-11-01,129.00,-8.67%,1.07,127.93,10.40%,665,1935,50.62%,0.158925,84.88%,0.8%,27.8%,"10:45 ET"
NVDA,141.24,2024-11-15,127.00,-10.08%,2.36,124.64,13.32%,893,7876,51.72%,0.207553,78.38%,1.9%,27.6%,"10:42 ET"
WFC,64.42,2024-11-15,62.50,-2.98%,1.16,61.34,5.02%,686,6273,31.97%,0.320722,64.12%,1.9%,27.6%,"10:41 ET"
NEP,25.83,2025-01-17,25.00,-3.21%,1.55,23.45,10.15%,149,2032,35.12%,0.433917,57.51%,6.6%,27.4%,"10:43 ET"
TSM,202.5,2024-11-15,190.00,-6.17%,3.5,186.5,8.58%,136,3124,40.40%,0.265029,72.66%,1.9%,27.4%,"10:42 ET"
MSTR,213.05,2024-11-01,160.00,-24.90%,1.31,158.69,34.26%,112,2752,119.04%,0.066403,91.71%,0.8%,27.4%,"10:39 ET"
BA,161.57,2024-11-15,150.00,-7.16%,2.76,147.24,9.73%,5356,6005,44.51%,0.23737,73.82%,1.9%,27.4%,"10:44 ET"
CVS,59.03,2024-11-15,55.00,-6.83%,1.01,53.99,9.34%,162,11319,44.06%,0.239164,73.02%,1.9%,27.3%,"10:44 ET"
AVGO,181.25,2024-11-01,167.50,-7.59%,1.36,166.14,9.09%,238,278,44.69%,0.179288,84.54%,0.8%,27.2%,"10:40 ET"
BJ,86.85,2024-11-15,85.00,-2.13%,1.55,83.45,4.07%,233,1414,27.64%,0.369221,61.70%,1.9%,27.1%,"10:44 ET"
CMG,59.65,2024-11-15,55.00,-7.80%,1,54,10.46%,139,5165,45.59%,0.232641,75.18%,1.9%,27.0%,"10:41 ET"
MU,110.03,2024-12-20,100.00,-9.12%,4.25,95.75,14.91%,173,8395,48.98%,0.28681,68.48%,4.4%,27.0%,"10:45 ET"
NVDA,141.24,2024-12-20,124.00,-12.21%,5.25,118.75,18.94%,407,13061,56.20%,0.248266,71.61%,4.4%,26.9%,"10:32 ET"
AMZN,188.52,2024-11-08,175.00,-7.17%,2.28,172.72,9.15%,198,745,43.40%,0.213894,78.00%,1.3%,26.8%,"10:41 ET"
JD,39.65,2024-11-15,35.00,-11.73%,0.63,34.37,15.36%,121,10098,57.63%,0.182331,79.59%,1.8%,26.8%,"10:41 ET"
DGX,148.92,2024-11-15,145.00,-2.63%,2.6,142.4,4.58%,1024,813,29.75%,0.341425,63.41%,1.8%,26.7%,"10:31 ET"
C,62.33,2024-11-15,60.00,-3.74%,1.07,58.93,5.77%,641,15692,32.55%,0.304348,67.27%,1.8%,26.5%,"10:44 ET"
GM,49.17,2024-11-15,46.00,-6.45%,0.82,45.18,8.83%,110,1638,41.14%,0.249658,73.20%,1.8%,26.5%,"10:31 ET"
NVDA,141.24,2024-11-22,120.00,-15.04%,2.72,117.28,20.43%,286,5211,63.89%,0.175208,80.55%,2.3%,26.5%,"10:44 ET"
NVDA,141.24,2024-11-08,126.00,-10.79%,1.59,124.41,13.53%,357,881,54.42%,0.16945,82.76%,1.3%,25.9%,"10:40 ET"
TSLA,219.65,2025-01-17,200.00,-8.95%,11.75,188.25,16.68%,218,36618,50.37%,0.3013,64.76%,6.2%,25.9%,"10:43 ET"
YETI,37.91,2025-01-17,35.00,-7.68%,2.05,32.95,15.05%,404,356,47.29%,0.319215,63.46%,6.2%,25.8%,"10:44 ET"
NFLX,762.67,2024-11-01,740.00,-2.97%,5.7,734.3,3.86%,174,283,27.02%,0.265893,74.00%,0.8%,25.8%,"10:35 ET"
AAPL,235.67,2024-11-01,227.50,-3.47%,1.75,225.75,4.39%,126,1846,30.28%,0.236958,74.90%,0.8%,25.7%,"10:42 ET"
ARM,152.82,2024-11-08,120.00,-21.48%,1.5,118.5,28.96%,260,513,92.87%,0.105613,87.95%,1.3%,25.7%,"10:37 ET"
MU,110.03,2024-11-15,100.00,-9.12%,1.72,98.28,11.96%,116,8796,46.54%,0.215513,78.37%,1.8%,25.6%,"10:45 ET"
NVDA,141.24,2025-01-17,126.00,-10.79%,7.3,118.7,18.99%,212,2894,52.93%,0.282534,66.98%,6.1%,25.5%,"10:23 ET"
ACGL,108.44,2024-11-15,105.00,-3.17%,1.8,103.2,5.08%,123,286,31.75%,0.308168,65.10%,1.7%,25.5%,"09:59 ET"
ELF,115.45,2024-11-08,85.00,-26.38%,1.05,83.95,37.52%,148,431,110.77%,0.083288,89.34%,1.3%,25.4%,"10:38 ET"
NVDA,141.24,2024-11-15,126.00,-10.79%,2.15,123.85,14.04%,621,4753,52.00%,0.192315,79.93%,1.7%,25.3%,"10:43 ET"
AMD,156.3,2024-11-01,135.00,-13.63%,1.02,133.98,16.66%,124,1532,67.64%,0.111457,89.39%,0.8%,25.3%,"10:44 ET"
FCX,48.11,2024-12-20,46.00,-4.39%,1.83,44.17,8.92%,323,657,37.48%,0.348022,61.61%,4.1%,25.2%,"09:56 ET"
UAL,74.33,2024-12-20,70.00,-5.83%,2.76,67.24,10.54%,1250,8541,37.80%,0.333742,65.23%,4.1%,25.0%,"10:44 ET"
TSLA,219.65,2024-11-29,195.00,-11.22%,5.05,189.95,15.64%,108,263,52.21%,0.217753,75.72%,2.7%,24.9%,"10:44 ET"
AAPL,235.67,2024-11-15,230.00,-2.41%,3.85,226.15,4.21%,235,13789,26.78%,0.33901,63.59%,1.7%,24.9%,"10:44 ET"
PLTR,42.93,2024-11-15,35.00,-18.47%,0.58,34.42,24.72%,146,9220,76.09%,0.130567,84.74%,1.7%,24.6%,"10:40 ET"
NVDA,141.24,2025-01-17,125.00,-11.50%,6.95,118.05,19.64%,332,23190,53.00%,0.272356,68.06%,5.9%,24.4%,"10:43 ET"
SBUX,96.57,2024-11-15,90.00,-6.80%,1.47,88.53,9.08%,597,9359,40.72%,0.23733,74.57%,1.7%,24.2%,"10:36 ET"
NVO,117.5,2024-12-20,110.00,-6.38%,4.2,105.8,11.06%,397,2558,41.22%,0.309367,65.35%,4.0%,24.1%,"10:43 ET"
GOOGL,164.31,2024-11-15,155.00,-5.67%,2.52,152.48,7.76%,490,10900,36.05%,0.26086,73.18%,1.7%,24.1%,"10:44 ET"
NVDA,141.24,2024-11-01,128.00,-9.37%,0.92,127.08,11.14%,623,5136,50.99%,0.139985,86.69%,0.7%,24.0%,"10:40 ET"
NVDA,141.24,2024-11-29,120.00,-15.04%,2.99,117.01,20.71%,321,1765,60.45%,0.182396,79.52%,2.6%,23.9%,"10:41 ET"
WFC,64.42,2024-11-01,63.00,-2.20%,0.45,62.55,2.99%,109,363,25.11%,0.263237,69.54%,0.7%,23.9%,"10:44 ET"
AMZN,188.52,2024-11-01,172.50,-8.50%,1.23,171.27,10.07%,273,589,48.82%,0.146864,85.27%,0.7%,23.8%,"10:44 ET"
PLTR,42.93,2024-11-08,34.00,-20.80%,0.39,33.61,27.73%,414,2476,85.74%,0.094357,88.97%,1.2%,23.5%,"10:26 ET"
NVDA,141.24,2024-11-08,125.00,-11.50%,1.43,123.57,14.30%,364,4029,54.58%,0.153955,84.32%,1.2%,23.5%,"10:43 ET"
NVDA,141.24,2024-11-15,125.00,-11.50%,1.96,123.04,14.79%,3423,34919,52.34%,0.178014,81.37%,1.6%,23.3%,"10:44 ET"
TSM,202.5,2024-11-01,190.00,-6.17%,1.32,188.68,7.32%,201,1113,38.67%,0.178736,82.87%,0.7%,23.2%,"10:43 ET"
NVDA,141.24,2024-11-22,118.00,-16.45%,2.33,115.67,22.11%,120,2196,64.33%,0.154574,82.74%,2.0%,23.0%,"10:40 ET"
TSM,202.5,2024-12-20,190.00,-6.17%,6.9,183.1,10.60%,147,1315,38.78%,0.313783,65.74%,3.8%,22.9%,"10:44 ET"
BA,161.57,2025-01-17,155.00,-4.07%,8.05,146.95,9.95%,237,5646,36.60%,0.366674,59.14%,5.5%,22.7%,"10:30 ET"
AMZN,188.52,2024-11-15,175.00,-7.17%,2.67,172.33,9.39%,461,12266,39.73%,0.226623,76.29%,1.5%,22.6%,"10:44 ET"
UAL,74.33,2025-01-17,70.00,-5.83%,3.6,66.4,11.94%,112,3231,37.12%,0.354202,62.90%,5.4%,22.5%,"10:38 ET"
UPS,133.41,2024-11-15,125.00,-6.30%,1.89,123.11,8.37%,1443,2270,38.19%,0.233706,74.26%,1.5%,22.4%,"10:44 ET"
SQ,74.25,2024-12-20,65.00,-12.46%,2.29,62.71,18.40%,253,3277,53.25%,0.226029,73.12%,3.7%,22.2%,"10:37 ET"
AVGO,181.25,2024-12-20,162.00,-10.62%,5.7,156.3,15.96%,297,1232,46.66%,0.256154,72.36%,3.6%,22.2%,"10:44 ET"
TSLA,219.65,2024-11-15,190.00,-13.50%,2.83,187.17,17.35%,651,11138,57.84%,0.153956,83.09%,1.5%,22.1%,"10:43 ET"
GOOGL,164.31,2024-12-20,160.00,-2.62%,5.6,154.4,6.42%,162,7163,29.54%,0.386901,58.78%,3.6%,22.1%,"10:44 ET"
NVDA,141.24,2024-12-20,120.00,-15.04%,4.15,115.85,21.92%,1550,43534,56.46%,0.20564,76.17%,3.6%,21.8%,"10:44 ET"
SMCI,47.92,2024-11-08,33.00,-31.14%,0.35,32.65,46.77%,130,332,115.92%,0.059919,92.63%,1.1%,21.7%,"10:14 ET"
WMT,81.13,2024-11-15,80.00,-1.39%,1.17,78.83,2.92%,249,7175,21.06%,0.37337,60.04%,1.5%,21.7%,"10:38 ET"
NVDA,141.24,2024-11-15,124.00,-12.21%,1.79,122.21,15.57%,373,5385,52.75%,0.164739,82.72%,1.5%,21.4%,"10:44 ET"
META,572.72,2024-11-01,500.00,-12.70%,3.2,496.8,15.28%,103,1780,63.94%,0.102713,88.94%,0.6%,21.4%,"10:44 ET"
NVDA,141.24,2024-11-08,124.00,-12.21%,1.29,122.71,15.10%,100,2424,55.10%,0.140735,85.63%,1.1%,21.3%,"10:43 ET"
WFC,64.42,2024-11-22,62.00,-3.76%,1.13,60.87,5.83%,399,1646,30.34%,0.296474,66.50%,1.9%,21.2%,"10:44 ET"
NVDA,141.24,2024-11-01,127.00,-10.08%,0.8,126.2,11.92%,567,3500,51.79%,0.124615,88.14%,0.6%,21.0%,"10:40 ET"
ASML,717.3,2025-01-17,680.00,-5.20%,32.7,647.3,10.81%,160,294,37.54%,0.341715,61.40%,5.1%,21.0%,"10:22 ET"
GE,193.78,2024-11-01,180.00,-7.11%,1.12,178.88,8.33%,260,667,41.61%,0.15663,84.64%,0.6%,20.8%,"10:39 ET"
BAC,42.15,2024-11-15,41.00,-2.73%,0.57,40.43,4.25%,159,4350,25.30%,0.311747,66.19%,1.4%,20.6%,"10:39 ET"
BA,161.57,2024-12-20,150.00,-7.16%,4.9,145.1,11.35%,152,1559,39.14%,0.285893,68.02%,3.4%,20.5%,"10:42 ET"
TXN,196.16,2024-11-15,180.00,-8.24%,2.49,177.51,10.51%,273,1520,41.82%,0.202349,78.39%,1.4%,20.5%,"10:44 ET"
AMZN,188.52,2024-12-20,180.00,-4.52%,5.85,174.15,8.25%,331,9152,32.80%,0.334788,63.60%,3.4%,20.4%,"10:38 ET"
COIN,212.83,2024-12-20,150.00,-29.52%,4.85,145.15,46.63%,270,1938,86.04%,0.117877,84.21%,3.3%,20.3%,"10:39 ET"
MSFT,417.27,2024-12-20,410.00,-1.74%,13.25,396.75,5.17%,137,3976,25.63%,0.407954,56.72%,3.3%,20.3%,"10:45 ET"
MU,110.03,2025-01-17,97.50,-11.39%,4.55,92.95,18.38%,2860,2352,47.60%,0.263958,69.75%,4.9%,20.3%,"10:16 ET"
ROKU,78.47,2024-11-15,60.00,-23.54%,0.82,59.18,32.60%,117,755,83.89%,0.095443,88.92%,1.4%,20.2%,"10:39 ET"
FCX,48.11,2024-11-15,44.00,-8.54%,0.6,43.4,10.85%,264,2838,43.13%,0.197932,78.56%,1.4%,20.2%,"10:39 ET"
TSLA,219.65,2024-12-20,190.00,-13.50%,6.05,183.95,19.41%,173,7215,51.94%,0.211037,75.44%,3.3%,20.0%,"10:42 ET"
CHD,104.2,2024-11-15,100.00,-4.03%,1.35,98.65,5.63%,250,464,29.47%,0.273092,70.32%,1.4%,20.0%,"10:14 ET"
TSLA,219.65,2024-11-29,190.00,-13.50%,3.95,186.05,18.06%,144,370,52.91%,0.178164,79.91%,2.1%,19.9%,"10:44 ET"
AVGO,181.25,2024-11-01,165.00,-8.97%,0.98,164.02,10.50%,191,957,45.23%,0.135732,88.42%,0.6%,19.8%,"10:40 ET"
CRM,291.97,2024-11-15,280.00,-4.10%,3.75,276.25,5.69%,314,1227,28.49%,0.276158,71.28%,1.4%,19.8%,"10:40 ET"
NVDA,141.24,2024-12-20,118.00,-16.45%,3.7,114.3,23.57%,737,6004,56.96%,0.186841,78.19%,3.2%,19.7%,"10:44 ET"
PLTR,42.93,2024-11-01,39.00,-9.15%,0.23,38.77,10.73%,364,2343,48.65%,0.123832,87.22%,0.6%,19.7%,"10:44 ET"
NVDA,141.24,2024-11-15,123.00,-12.91%,1.63,121.37,16.37%,214,7100,53.13%,0.152089,84.00%,1.3%,19.6%,"10:40 ET"
PLTR,42.93,2024-11-15,34.00,-20.80%,0.45,33.55,27.96%,131,6139,76.55%,0.103287,87.78%,1.3%,19.6%,"10:42 ET"
NVDA,141.24,2025-01-17,120.00,-15.04%,5.4,114.6,23.25%,864,37227,53.54%,0.223993,73.23%,4.7%,19.5%,"10:43 ET"
PFE,29.08,2024-11-01,27.50,-5.43%,0.16,27.34,6.36%,127,445,34.42%,0.168008,82.51%,0.6%,19.4%,"10:43 ET"
AEM,87.2,2024-11-15,80.00,-8.26%,1.05,78.95,10.45%,106,2021,40.65%,0.202242,79.11%,1.3%,19.4%,"10:37 ET"
TSLA,219.65,2024-11-01,190.00,-13.50%,1.1,188.9,16.28%,3777,4312,64.27%,0.093099,90.31%,0.6%,19.3%,"10:44 ET"
NVDA,141.24,2024-11-08,123.00,-12.91%,1.16,121.84,15.92%,148,1337,55.58%,0.128315,86.87%,1.0%,19.3%,"10:42 ET"
SCHW,70.93,2024-12-20,70.00,-1.31%,2.12,67.88,4.49%,611,3625,24.54%,0.408301,55.28%,3.1%,19.0%,"10:42 ET"
GE,193.78,2024-11-15,180.00,-7.11%,2.31,177.69,9.06%,1473,785,36.80%,0.214164,77.82%,1.3%,19.0%,"10:44 ET"
TSM,202.5,2024-11-15,185.00,-8.64%,2.37,182.63,10.88%,135,5915,41.11%,0.192874,79.96%,1.3%,18.9%,"10:42 ET"
ASML,717.3,2024-11-15,650.00,-9.38%,8.3,641.7,11.78%,193,620,43.55%,0.180175,80.63%,1.3%,18.9%,"10:39 ET"
MRNA,54.03,2024-11-15,40.00,-25.97%,0.51,39.49,36.82%,102,1920,89.36%,0.08458,90.07%,1.3%,18.9%,"10:27 ET"
AAPL,235.67,2024-11-01,225.00,-4.53%,1.27,223.73,5.34%,310,6399,30.91%,0.181698,80.60%,0.6%,18.8%,"10:43 ET"
NVDA,141.24,2024-11-22,115.00,-18.58%,1.86,113.14,24.84%,312,4847,65.21%,0.127262,85.64%,1.6%,18.8%,"10:44 ET"
AAPL,235.67,2024-11-08,225.00,-4.53%,2.05,222.95,5.71%,120,2172,29.76%,0.223583,75.84%,0.9%,18.6%,"10:43 ET"
NVDA,141.24,2024-12-20,117.00,-17.16%,3.45,113.55,24.39%,646,2885,57.28%,0.178095,79.12%,3.0%,18.5%,"10:40 ET"
DINO,44.12,2024-11-15,40.00,-9.34%,0.5,39.5,11.70%,101,353,43.41%,0.175228,80.59%,1.3%,18.5%,"10:03 ET"
EL,89.64,2025-01-17,80.00,-10.75%,3.4,76.6,17.02%,174,2267,43.79%,0.261398,70.16%,4.4%,18.4%,"10:27 ET"
MSFT,417.27,2024-11-01,390.00,-6.54%,2.15,387.85,7.59%,152,1405,37.48%,0.152051,85.05%,0.6%,18.4%,"10:40 ET"
NVDA,141.24,2024-11-01,126.00,-10.79%,0.69,125.31,12.71%,690,5742,52.22%,0.109191,89.61%,0.6%,18.3%,"10:41 ET"
COR,238.4,2024-11-15,230.00,-3.52%,2.8,227.2,4.93%,200,364,27.18%,0.269495,69.30%,1.2%,18.0%,"10:23 ET"
CRWD,314.7,2024-11-15,280.00,-11.03%,3.4,276.6,13.77%,116,1610,47.22%,0.165934,82.78%,1.2%,17.9%,"10:40 ET"
NVDA,141.24,2024-11-15,122.00,-13.62%,1.48,120.52,17.19%,656,5431,53.48%,0.140065,85.23%,1.2%,17.9%,"10:39 ET"
WFC,64.42,2024-12-20,62.50,-2.98%,1.77,60.73,6.08%,122,3791,27.42%,0.34696,60.72%,2.9%,17.7%,"10:32 ET"
FIVE,93,2024-11-15,80.00,-13.98%,0.95,79.05,17.65%,229,783,55.47%,0.141142,85.02%,1.2%,17.5%,"10:36 ET"
AMZN,188.52,2024-11-01,170.00,-9.82%,0.89,169.11,11.48%,775,4139,49.25%,0.112679,88.68%,0.5%,17.5%,"10:45 ET"
CBRL,50.17,2024-11-15,42.50,-15.29%,0.5,42,19.45%,110,563,60.44%,0.129281,85.29%,1.2%,17.4%,"10:31 ET"
AVGO,181.25,2024-11-15,160.00,-11.72%,1.88,158.12,14.63%,109,4132,46.51%,0.156639,84.72%,1.2%,17.4%,"10:40 ET"
TFC,42.92,2024-11-15,40.00,-6.80%,0.47,39.53,8.58%,688,1565,34.56%,0.21643,78.20%,1.2%,17.4%,"10:36 ET"
NVDA,141.24,2024-11-29,115.00,-18.58%,2.09,112.91,25.09%,106,700,61.76%,0.135128,84.57%,1.9%,17.3%,"10:39 ET"
BA,161.57,2024-11-15,145.00,-10.26%,1.7,143.3,12.75%,388,12036,45.17%,0.160464,82.00%,1.2%,17.3%,"10:45 ET"
GOOGL,164.31,2024-11-01,150.00,-8.71%,0.77,149.23,10.11%,131,1519,44.87%,0.122804,87.90%,0.5%,17.1%,"10:44 ET"
BAC,42.15,2024-11-01,41.00,-2.73%,0.21,40.79,3.33%,226,3048,22.69%,0.220997,75.88%,0.5%,17.1%,"10:38 ET"
AVGO,181.25,2024-11-08,160.00,-11.72%,1.33,158.67,14.23%,107,1479,48.64%,0.132258,87.58%,0.8%,17.0%,"10:40 ET"
APP,156.52,2025-01-17,130.00,-16.94%,5.1,124.9,25.32%,421,1168,56.38%,0.195718,74.88%,4.1%,16.9%,"10:05 ET"
VIK,38.61,2024-11-15,35.00,-9.35%,0.4,34.6,11.59%,285,1431,43.33%,0.18038,80.66%,1.2%,16.9%,"10:25 ET"
PANW,381.18,2024-12-20,340.00,-10.80%,9.15,330.85,15.21%,135,1129,42.62%,0.225444,74.59%,2.8%,16.8%,"10:25 ET"
TSLA,219.65,2024-11-15,185.00,-15.78%,2.09,182.91,20.09%,181,7891,58.83%,0.119307,86.76%,1.1%,16.7%,"10:38 ET"
NFLX,762.67,2024-11-01,730.00,-4.28%,3.65,726.35,5.00%,116,301,27.74%,0.185743,81.84%,0.5%,16.7%,"10:40 ET"
HUM,269.19,2025-01-17,220.00,-18.27%,8.5,211.5,27.28%,182,988,56.19%,0.183391,76.77%,4.0%,16.7%,"10:44 ET"
AMZN,188.52,2025-01-17,180.00,-4.52%,6.95,173.05,8.94%,163,22158,31.01%,0.341256,61.93%,4.0%,16.7%,"10:41 ET"
APP,156.52,2024-11-15,120.00,-23.33%,1.35,118.65,31.92%,894,1033,81.97%,0.084702,89.22%,1.1%,16.6%,"10:37 ET"
NVDA,141.24,2024-12-20,115.00,-18.58%,3.05,111.95,26.16%,379,21303,57.52%,0.160151,81.09%,2.7%,16.6%,"10:44 ET"
BA,161.57,2024-11-01,145.00,-10.26%,0.72,144.28,11.98%,388,1457,51.54%,0.100852,88.67%,0.5%,16.6%,"10:43 ET"
AAPL,235.67,2024-11-15,225.00,-4.53%,2.52,222.48,5.93%,245,23350,27.87%,0.240425,73.73%,1.1%,16.5%,"10:44 ET"
NVDA,141.24,2024-11-15,121.00,-14.33%,1.35,119.65,18.04%,155,4363,53.94%,0.129175,86.34%,1.1%,16.5%,"10:43 ET"
TSLA,219.65,2025-01-17,185.00,-15.78%,7.05,177.95,23.43%,313,11699,51.23%,0.203727,75.25%,4.0%,16.4%,"10:33 ET"
MRVL,82.64,2025-01-17,70.00,-15.30%,2.65,67.35,22.70%,198,5004,49.92%,0.210527,75.09%,3.9%,16.3%,"10:30 ET"
AMZN,188.52,2024-11-08,170.00,-9.82%,1.35,168.65,11.78%,114,1201,44.01%,0.139949,85.50%,0.8%,16.2%,"10:30 ET"
CVS,59.03,2024-12-20,55.00,-6.83%,1.41,53.59,10.15%,117,262,33.94%,0.267227,69.63%,2.6%,16.0%,"10:40 ET"
COIN,212.83,2024-11-01,160.00,-24.82%,0.76,159.24,33.65%,143,936,105.62%,0.051392,94.02%,0.5%,15.8%,"10:29 ET"
BP,31.58,2024-12-20,30.00,-5.00%,0.76,29.24,8.00%,120,3857,28.59%,0.304141,67.11%,2.6%,15.8%,"10:04 ET"
DKNG,37.16,2024-11-15,29.00,-21.96%,0.31,28.69,29.52%,501,276,74.31%,0.088925,89.88%,1.1%,15.8%,"10:38 ET"
SPHR,45.09,2024-11-15,37.50,-16.83%,0.4,37.1,21.54%,501,335,65.53%,0.121725,85.88%,1.1%,15.7%,"10:42 ET"
GOOG,166.05,2025-01-17,160.00,-3.64%,5.85,154.15,7.72%,139,5986,27.92%,0.358642,60.67%,3.8%,15.7%,"10:43 ET"
NVDA,141.24,2024-11-01,125.00,-11.50%,0.59,124.41,13.53%,3270,25209,52.78%,0.095828,90.87%,0.5%,15.7%,"10:44 ET"
PLTR,42.93,2024-11-15,33.00,-23.13%,0.35,32.65,31.49%,121,5535,77.90%,0.082089,90.15%,1.1%,15.7%,"10:44 ET"
TSLA,219.65,2024-11-01,187.50,-14.64%,0.88,186.62,17.70%,110,420,64.92%,0.076743,91.99%,0.5%,15.6%,"10:41 ET"
AER,97.34,2024-11-15,90.00,-7.54%,0.95,89.05,9.31%,200,1581,35.15%,0.187871,80.30%,1.1%,15.6%,"10:39 ET"
AMD,156.3,2024-11-15,130.00,-16.83%,1.37,128.63,21.51%,186,19235,58.96%,0.1121,88.38%,1.1%,15.6%,"10:43 ET"
NVDA,141.24,2025-01-17,115.00,-18.58%,4.15,110.85,27.42%,324,44459,54.28%,0.180702,77.97%,3.7%,15.5%,"10:45 ET"
CCJ,58.37,2024-12-20,50.00,-14.34%,1.24,48.76,19.71%,164,945,48.86%,0.183736,78.27%,2.5%,15.5%,"10:21 ET"
AMZN,188.52,2024-12-20,175.00,-7.17%,4.3,170.7,10.44%,155,8769,33.34%,0.263342,70.90%,2.5%,15.3%,"10:37 ET"
AAPL,235.67,2024-12-20,230.00,-2.41%,5.65,224.35,5.05%,186,13357,23.31%,0.35811,60.17%,2.5%,15.3%,"10:40 ET"
GOOGL,164.31,2024-12-20,155.00,-5.67%,3.8,151.2,8.67%,118,6260,29.96%,0.290994,68.44%,2.5%,15.3%,"10:19 ET"
BA,161.57,2024-12-20,145.00,-10.26%,3.55,141.45,14.22%,161,1435,39.77%,0.220988,74.89%,2.5%,15.3%,"10:35 ET"
NVDA,141.24,2024-11-15,120.00,-15.04%,1.23,118.77,18.92%,2272,41238,54.34%,0.118706,87.41%,1.0%,15.1%,"10:44 ET"
AVGO,181.25,2024-11-15,158.00,-12.83%,1.59,156.41,15.88%,122,1401,47.17%,0.136122,86.69%,1.0%,14.8%,"10:28 ET"
DAL,55.19,2024-11-15,50.00,-9.40%,0.5,49.5,11.49%,157,10817,40.39%,0.161407,82.49%,1.0%,14.7%,"10:34 ET"
PFE,29.08,2024-11-15,27.00,-7.15%,0.27,26.73,8.79%,207,7250,34.29%,0.192506,79.59%,1.0%,14.7%,"10:37 ET"
SMCI,47.92,2024-11-01,34.00,-29.05%,0.15,33.85,41.57%,142,511,119.08%,0.041689,95.15%,0.4%,14.7%,"10:40 ET"
AMD,156.3,2024-11-01,130.00,-16.83%,0.57,129.43,20.76%,131,1299,69.49%,0.066494,93.66%,0.4%,14.6%,"10:43 ET"
AMAT,185.76,2024-11-15,160.00,-13.87%,1.58,158.42,17.26%,107,1430,52.57%,0.126279,86.10%,1.0%,14.6%,"10:39 ET"
NVDA,141.24,2024-11-08,120.00,-15.04%,0.85,119.15,18.54%,1083,7880,57.12%,0.096474,90.06%,0.7%,14.5%,"10:45 ET"
FCX,48.11,2024-11-15,43.00,-10.62%,0.42,42.58,12.99%,232,3846,43.51%,0.148081,83.80%,1.0%,14.4%,"10:17 ET"
AMZN,188.52,2024-11-15,170.00,-9.82%,1.66,168.34,11.99%,178,17259,40.30%,0.154717,83.66%,1.0%,14.4%,"10:43 ET"
CVS,59.03,2025-01-17,55.00,-6.83%,1.84,53.16,11.04%,151,8071,32.62%,0.287774,67.06%,3.5%,14.4%,"10:32 ET"
NEM,58.01,2024-11-15,52.50,-9.50%,0.51,51.99,11.58%,156,3821,40.18%,0.160641,82.87%,1.0%,14.3%,"10:15 ET"
MS,119.1,2024-12-20,115.00,-3.44%,2.64,112.36,6.00%,126,801,24.12%,0.331567,63.99%,2.3%,14.3%,"10:41 ET"
JD,39.65,2024-11-01,35.00,-11.73%,0.15,34.85,13.77%,145,613,55.82%,0.088961,90.10%,0.4%,14.3%,"10:37 ET"
ASML,717.3,2024-12-20,640.00,-10.78%,14.6,625.4,14.69%,533,1270,39.59%,0.209653,76.12%,2.3%,14.2%,"10:41 ET"
GOOGL,164.31,2024-11-15,150.00,-8.71%,1.44,148.56,10.60%,262,27153,36.92%,0.166448,82.72%,1.0%,14.2%,"10:44 ET"
MRVL,82.64,2024-12-20,67.50,-18.32%,1.53,65.97,25.27%,175,3010,53.85%,0.151859,82.30%,2.3%,14.1%,"10:31 ET"
NVO,117.5,2025-01-17,105.00,-10.64%,3.45,101.55,15.71%,222,4286,39.31%,0.238869,72.00%,3.4%,14.1%,"10:33 ET"
MSFT,417.27,2025-01-17,405.00,-2.94%,13.3,391.7,6.53%,549,2992,24.61%,0.36722,59.76%,3.4%,14.1%,"10:35 ET"
PLTR,42.93,2024-11-08,32.00,-25.46%,0.22,31.78,35.09%,100,1392,89.22%,0.057422,93.10%,0.7%,14.0%,"10:15 ET"
WFC,64.42,2024-11-15,60.00,-6.86%,0.57,59.43,8.40%,163,9674,33.56%,0.180566,79.08%,1.0%,14.0%,"10:44 ET"
TSM,202.5,2024-12-20,180.00,-11.11%,4.05,175.95,15.09%,109,3588,39.80%,0.207872,76.73%,2.3%,14.0%,"10:44 ET"
NVDA,141.24,2024-11-01,124.00,-12.21%,0.52,123.48,14.38%,310,8260,53.43%,0.08417,91.98%,0.4%,14.0%,"10:40 ET"
BA,161.57,2025-01-17,145.00,-10.26%,4.7,140.3,15.16%,567,7420,37.73%,0.243577,72.04%,3.3%,13.9%,"10:44 ET"
NVDA,141.24,2024-11-15,119.00,-15.75%,1.12,117.88,19.82%,223,4859,54.81%,0.109168,88.38%,1.0%,13.9%,"10:40 ET"
ARM,152.82,2024-12-20,110.00,-28.02%,2.45,107.55,42.09%,230,3119,72.37%,0.102602,86.87%,2.3%,13.9%,"10:37 ET"
TMUS,223.21,2024-11-15,210.00,-5.92%,1.95,208.05,7.29%,250,3237,28.36%,0.203659,79.45%,0.9%,13.7%,"10:36 ET"
AAPL,235.67,2024-11-01,222.50,-5.59%,0.91,221.59,6.35%,420,2499,31.50%,0.136232,85.35%,0.4%,13.6%,"10:44 ET"
MSTR,213.05,2024-11-01,140.00,-34.29%,0.57,139.43,52.80%,413,1777,140.64%,0.031885,95.73%,0.4%,13.6%,"09:55 ET"
TSLA,219.65,2024-12-20,180.00,-18.05%,3.9,176.1,24.73%,121,13112,53.06%,0.148551,82.26%,2.2%,13.5%,"10:40 ET"
NVDA,141.24,2024-11-22,110.00,-22.12%,1.27,108.73,29.90%,155,3001,67.05%,0.090498,89.60%,1.2%,13.3%,"10:40 ET"
META,572.72,2025-01-17,520.00,-9.21%,16.05,503.95,13.65%,1342,1606,35.64%,0.249095,70.95%,3.2%,13.2%,"10:44 ET"
GIS,69.16,2024-11-15,67.50,-2.40%,0.6,66.9,3.38%,114,663,20.81%,0.287905,67.23%,0.9%,13.1%,"10:32 ET"
NEP,25.83,2024-11-15,22.50,-12.89%,0.2,22.3,15.83%,146,752,49.08%,0.144395,85.87%,0.9%,13.1%,"10:42 ET"
APP,156.52,2024-11-01,140.00,-10.55%,0.55,139.45,12.24%,105,645,52.46%,0.093666,88.97%,0.4%,13.1%,"10:44 ET"
MO,49.37,2024-11-15,47.50,-3.79%,0.42,47.08,4.86%,115,895,22.23%,0.251116,74.65%,0.9%,13.0%,"10:00 ET"
CRWD,314.7,2024-12-20,260.00,-17.38%,5.45,254.55,23.63%,103,1027,51.38%,0.154092,82.03%,2.1%,13.0%,"10:40 ET"
JPM,224.79,2024-11-15,215.00,-4.36%,1.9,213.1,5.49%,181,3466,24.47%,0.225118,75.66%,0.9%,13.0%,"10:40 ET"
COIN,212.83,2024-12-20,135.00,-36.57%,2.79,132.21,60.98%,101,959,88.40%,0.072456,89.80%,2.1%,12.8%,"09:50 ET"
AMZN,188.52,2025-01-17,175.00,-7.17%,5.25,169.75,11.06%,200,13976,31.33%,0.276933,68.57%,3.1%,12.8%,"10:39 ET"
TSLA,219.65,2024-11-01,185.00,-15.78%,0.71,184.29,19.19%,337,1189,65.93%,0.06368,93.32%,0.4%,12.8%,"10:41 ET"
BAC,42.15,2024-11-08,40.00,-5.10%,0.25,39.75,6.04%,187,1055,28.15%,0.182614,79.89%,0.6%,12.8%,"10:38 ET"
NVDA,141.24,2024-11-15,118.00,-16.45%,1.02,116.98,20.74%,350,12670,55.23%,0.100062,89.32%,0.9%,12.7%,"10:44 ET"
NFLX,762.67,2024-11-15,720.00,-5.59%,6.2,713.8,6.85%,180,460,27.82%,0.205268,78.55%,0.9%,12.7%,"10:40 ET"
TSLA,219.65,2024-11-15,180.00,-18.05%,1.55,178.45,23.09%,505,9569,59.96%,0.091096,89.77%,0.9%,12.7%,"10:44 ET"
NVDA,141.24,2024-12-20,110.00,-22.12%,2.23,107.77,31.06%,850,58197,58.80%,0.122152,85.28%,2.1%,12.6%,"10:44 ET"
AAPL,235.67,2025-01-17,230.00,-2.41%,6.75,223.25,5.56%,227,18416,22.51%,0.364157,58.72%,3.0%,12.5%,"10:36 ET"
UPS,133.41,2024-11-15,120.00,-10.05%,1.02,118.98,12.13%,1433,1344,40.24%,0.139564,84.28%,0.9%,12.5%,"10:33 ET"
NVDA,141.24,2024-11-29,110.00,-22.12%,1.45,108.55,30.12%,130,659,63.37%,0.097744,88.62%,1.3%,12.5%,"10:45 ET"
AVGO,181.25,2024-12-20,150.00,-17.24%,3,147,23.30%,226,4377,48.46%,0.151323,83.23%,2.0%,12.4%,"10:02 ET"
NEP,25.83,2025-01-17,22.50,-12.89%,0.65,21.85,18.22%,147,967,38.48%,0.236536,76.74%,3.0%,12.3%,"10:43 ET"
PFE,29.08,2024-11-01,27.00,-7.15%,0.1,26.9,8.10%,138,13254,37.87%,0.123174,87.05%,0.4%,12.3%,"10:32 ET"
XOM,120.18,2024-12-20,115.00,-4.31%,2.28,112.72,6.62%,110,10796,24.44%,0.291777,67.17%,2.0%,12.3%,"10:41 ET"
PLTR,42.93,2024-11-01,38.00,-11.48%,0.14,37.86,13.39%,270,2799,50.65%,0.079345,91.73%,0.4%,12.3%,"10:44 ET"
PAAS,25.42,2025-01-17,21.00,-17.39%,0.6,20.4,24.61%,140,3354,49.41%,0.186535,78.45%,2.9%,12.2%,"10:31 ET"
PDD,125.44,2025-01-17,105.00,-16.29%,3,102,22.98%,300,4562,46.35%,0.17675,78.28%,2.9%,12.2%,"09:55 ET"
NVDA,141.24,2024-11-01,123.00,-12.91%,0.45,122.55,15.25%,382,1514,54.23%,0.07428,92.90%,0.4%,12.2%,"10:43 ET"
BAC,42.15,2024-11-15,40.00,-5.10%,0.33,39.67,6.25%,180,8342,26.16%,0.200874,77.78%,0.8%,12.1%,"10:38 ET"
VRSN,187.27,2024-11-15,170.00,-9.22%,1.4,168.6,11.07%,100,429,37.13%,0.15603,84.03%,0.8%,12.1%,"10:40 ET"
MU,110.03,2025-01-17,90.00,-18.20%,2.54,87.46,25.81%,565,8958,48.09%,0.16643,80.26%,2.9%,12.0%,"10:39 ET"
NVDA,141.24,2025-01-17,110.00,-22.12%,3.1,106.9,32.12%,657,42923,55.21%,0.143109,82.18%,2.9%,12.0%,"10:41 ET"
TSLA,219.65,2024-11-08,180.00,-18.05%,1.05,178.95,22.74%,121,1326,63.76%,0.072651,92.01%,0.6%,11.9%,"10:44 ET"
NVDA,141.24,2024-11-15,117.00,-17.16%,0.93,116.07,21.69%,378,11216,55.84%,0.092231,90.12%,0.8%,11.7%,"10:42 ET"
GOOG,166.05,2024-11-15,150.00,-9.67%,1.19,148.81,11.59%,607,7796,36.93%,0.141088,85.35%,0.8%,11.7%,"10:40 ET"
ALB,94.08,2024-12-20,70.00,-25.60%,1.31,68.69,36.96%,3523,9092,65.23%,0.104519,86.82%,1.9%,11.6%,"10:29 ET"
LLY,912.22,2025-01-17,820.00,-10.11%,22.25,797.75,14.35%,438,453,35.43%,0.228264,73.00%,2.8%,11.6%,"10:43 ET"
AAPL,235.67,2024-12-20,225.00,-4.53%,4.15,220.85,6.71%,193,12872,24.21%,0.280552,68.16%,1.9%,11.4%,"10:34 ET"
PFE,29.08,2025-01-17,27.50,-5.43%,0.73,26.77,8.63%,484,60083,25.37%,0.305504,67.31%,2.7%,11.3%,"10:35 ET"
CAVA,135.68,2024-12-20,100.00,-26.30%,1.8,98.2,38.17%,213,786,64.77%,0.098029,87.74%,1.8%,11.2%,"10:39 ET"
CELH,32.84,2024-11-15,22.50,-31.49%,0.17,22.33,47.07%,608,23701,92.64%,0.049815,94.06%,0.8%,11.1%,"10:38 ET"
BA,161.57,2024-12-20,140.00,-13.35%,2.5,137.5,17.51%,115,1615,40.49%,0.165671,80.86%,1.8%,11.1%,"10:41 ET"
NVDA,141.24,2025-01-17,108.00,-23.53%,2.79,105.21,34.25%,304,7043,55.60%,0.129607,83.72%,2.7%,11.0%,"10:31 ET"
BAC,42.15,2025-01-17,40.00,-5.10%,1.03,38.97,8.16%,130,16358,25.26%,0.295525,66.35%,2.6%,11.0%,"10:31 ET"
AAPL,235.67,2024-11-15,220.00,-6.65%,1.63,218.37,7.92%,530,29094,29.28%,0.166279,81.54%,0.7%,10.9%,"10:41 ET"
NVDA,141.24,2024-11-15,116.00,-17.87%,0.85,115.15,22.66%,113,7806,56.42%,0.084848,90.88%,0.7%,10.8%,"10:44 ET"
ROKU,78.47,2024-11-15,55.00,-29.91%,0.4,54.6,43.72%,187,489,88.05%,0.051062,93.85%,0.7%,10.7%,"10:43 ET"
NVS,116.41,2024-11-15,110.00,-5.51%,0.8,109.2,6.60%,500,639,24.59%,0.188301,81.06%,0.7%,10.7%,"09:33 ET"
NVDA,141.24,2024-11-01,122.00,-13.62%,0.39,121.61,16.14%,628,6201,54.94%,0.065166,93.76%,0.3%,10.6%,"10:43 ET"
GM,49.17,2025-01-17,44.00,-10.51%,1.1,42.9,14.62%,400,714,34.48%,0.218339,74.42%,2.6%,10.6%,"09:38 ET"
UAL,74.33,2024-11-15,65.00,-12.55%,0.47,64.53,15.19%,568,3662,43.64%,0.112788,87.99%,0.7%,10.6%,"10:42 ET"
JNJ,163.61,2024-11-15,160.00,-2.21%,1.15,158.85,3.00%,139,8751,16.04%,0.273662,70.24%,0.7%,10.6%,"10:44 ET"
PFE,29.08,2024-12-20,27.00,-7.15%,0.46,26.54,9.57%,133,13644,27.32%,0.235111,74.86%,1.7%,10.5%,"10:31 ET"
BA,161.57,2024-11-15,140.00,-13.35%,1,139,16.24%,780,12110,46.00%,0.102371,88.30%,0.7%,10.5%,"10:42 ET"
BA,161.57,2025-01-17,140.00,-13.35%,3.45,136.55,18.32%,616,10251,38.40%,0.191737,77.64%,2.5%,10.5%,"10:43 ET"
AMD,156.3,2025-01-17,125.00,-20.03%,3.05,121.95,28.17%,316,13328,48.44%,0.146037,82.63%,2.5%,10.4%,"10:38 ET"
AMD,156.3,2024-12-20,125.00,-20.03%,2.09,122.91,27.17%,431,7821,50.95%,0.122245,86.03%,1.7%,10.3%,"10:31 ET"
MCD,317.02,2024-11-01,302.50,-4.58%,0.94,301.56,5.13%,301,324,25.52%,0.147252,85.51%,0.3%,10.3%,"09:46 ET"
AAPL,235.67,2024-11-01,220.00,-6.65%,0.66,219.34,7.45%,398,5681,32.56%,0.103147,88.83%,0.3%,10.0%,"10:45 ET"
NVDA,141.24,2024-11-15,115.00,-18.58%,0.78,114.22,23.66%,2089,38573,56.97%,0.077904,91.60%,0.7%,10.0%,"10:44 ET"
MU,110.03,2025-01-17,87.50,-20.48%,2.05,85.45,28.77%,200,3376,48.81%,0.141058,83.05%,2.4%,10.0%,"10:18 ET"
APP,156.52,2025-01-17,120.00,-23.33%,2.8,117.2,33.55%,368,2428,55.29%,0.122115,83.61%,2.4%,9.9%,"10:10 ET"
AMZN,188.52,2025-01-17,170.00,-9.82%,3.95,166.05,13.53%,119,18361,31.95%,0.22027,74.51%,2.4%,9.9%,"10:27 ET"
AAPL,235.67,2025-01-17,225.00,-4.53%,5.2,219.8,7.22%,196,12585,23.20%,0.295035,65.79%,2.4%,9.8%,"10:26 ET"
MSFT,417.27,2024-11-01,380.00,-8.93%,1.12,378.88,10.13%,145,1103,38.98%,0.084577,91.66%,0.3%,9.8%,"10:43 ET"
MKC,79.05,2024-11-15,75.00,-5.12%,0.5,74.5,6.11%,125,484,23.39%,0.184324,80.49%,0.7%,9.8%,"10:24 ET"
FCX,48.11,2024-11-15,42.00,-12.70%,0.28,41.72,15.32%,524,8172,43.10%,0.103404,88.57%,0.7%,9.8%,"10:17 ET"
UBER,80.11,2024-12-20,67.50,-15.74%,1.05,66.45,20.56%,1366,2433,43.21%,0.136917,83.59%,1.6%,9.6%,"10:20 ET"
TSLA,219.65,2024-11-15,175.00,-20.33%,1.14,173.86,26.34%,175,5449,61.54%,0.069605,92.09%,0.7%,9.6%,"10:39 ET"
ABBV,188.52,2024-11-15,170.00,-9.82%,1.1,168.9,11.62%,132,1473,35.31%,0.125632,86.84%,0.7%,9.5%,"10:38 ET"
NVDA,141.24,2025-01-17,105.00,-25.66%,2.34,102.66,37.58%,193,30938,56.19%,0.110924,85.87%,2.3%,9.5%,"10:40 ET"
NVDA,141.24,2024-12-20,105.00,-25.66%,1.6,103.4,36.60%,536,49818,60.30%,0.091433,88.74%,1.5%,9.4%,"10:37 ET"
SYF,56.15,2024-11-15,47.00,-16.30%,0.3,46.7,20.24%,121,2644,54.54%,0.088763,89.36%,0.6%,9.4%,"10:44 ET"
NVDA,141.24,2024-11-01,121.00,-14.33%,0.34,120.66,17.06%,242,1267,55.74%,0.057342,94.50%,0.3%,9.4%,"10:28 ET"
NVDA,141.24,2024-11-15,114.00,-19.29%,0.72,113.28,24.68%,120,7809,57.81%,0.072322,92.16%,0.6%,9.3%,"10:38 ET"
AMZN,188.52,2024-11-01,165.00,-12.48%,0.46,164.54,14.57%,462,2161,50.60%,0.063951,93.54%,0.3%,9.3%,"10:30 ET"
BABA,100.89,2024-11-15,87.50,-13.27%,0.55,86.95,16.03%,181,791,43.25%,0.099037,89.58%,0.6%,9.2%,"10:32 ET"
MSFT,417.27,2024-11-15,380.00,-8.93%,2.38,377.62,10.50%,122,16225,32.72%,0.13155,86.27%,0.6%,9.2%,"10:40 ET"
ENB,41.92,2024-11-15,40.00,-4.58%,0.25,39.75,5.46%,102,1535,21.51%,0.205316,79.75%,0.6%,9.2%,"10:38 ET"
GOOG,166.05,2024-12-20,150.00,-9.67%,2.23,147.77,12.37%,535,6156,30.83%,0.18772,79.19%,1.5%,9.2%,"10:44 ET"
NVDA,141.24,2024-11-08,115.00,-18.58%,0.51,114.49,23.36%,301,4344,60.65%,0.060589,93.65%,0.4%,9.0%,"10:42 ET"
AMZN,188.52,2024-11-15,165.00,-12.48%,1.01,163.99,14.96%,169,14574,41.22%,0.10146,89.16%,0.6%,9.0%,"10:43 ET"
MSTR,213.05,2024-11-01,130.00,-38.98%,0.35,129.65,64.33%,141,589,152.81%,0.022439,96.87%,0.3%,9.0%,"09:54 ET"
VZ,43.94,2024-11-15,41.00,-6.69%,0.25,40.75,7.83%,109,1563,26.68%,0.156679,83.93%,0.6%,9.0%,"10:40 ET"
CSCO,56.94,2024-11-15,52.50,-7.80%,0.32,52.18,9.12%,125,5954,29.98%,0.140073,84.96%,0.6%,9.0%,"10:37 ET"
TSLA,219.65,2024-11-01,180.00,-18.05%,0.48,179.52,22.35%,612,2137,68.23%,0.043782,95.36%,0.3%,8.9%,"10:43 ET"
TSLA,219.65,2024-11-08,175.00,-20.33%,0.76,174.24,26.06%,494,615,65.80%,0.053869,94.00%,0.4%,8.8%,"10:44 ET"
PLTR,42.93,2024-11-08,30.00,-30.12%,0.13,29.87,43.72%,461,1836,95.04%,0.03605,95.52%,0.4%,8.8%,"10:26 ET"
GLW,46.85,2024-12-20,42.00,-10.35%,0.6,41.4,13.16%,200,725,32.19%,0.183993,79.88%,1.4%,8.8%,"10:33 ET"
PBF,32.89,2024-11-15,25.00,-23.99%,0.15,24.85,32.35%,180,1048,72.73%,0.060036,92.52%,0.6%,8.8%,"09:55 ET"
GM,49.17,2025-01-17,43.00,-12.55%,0.89,42.11,16.77%,810,3106,35.30%,0.184747,78.04%,2.1%,8.8%,"10:31 ET"
TSM,202.5,2024-11-15,175.00,-13.58%,1.03,173.97,16.40%,239,5762,43.93%,0.096337,89.79%,0.6%,8.6%,"10:40 ET"
PLTR,42.93,2025-01-17,31.00,-27.79%,0.63,30.37,41.36%,653,2303,58.94%,0.097638,86.97%,2.1%,8.6%,"10:28 ET"
NVDA,141.24,2024-11-15,113.00,-19.99%,0.66,112.34,25.73%,264,8810,58.46%,0.066575,92.76%,0.6%,8.6%,"10:43 ET"
CMG,59.65,2025-01-17,52.00,-12.82%,1.05,50.95,17.08%,162,10108,34.79%,0.177444,78.92%,2.1%,8.5%,"10:44 ET"
LRCX,72.77,2025-01-17,57.00,-21.67%,1.15,55.85,30.30%,106,1008,48.55%,0.124118,84.72%,2.1%,8.5%,"09:56 ET"
AAPL,235.67,2024-12-20,220.00,-6.65%,3,217,8.60%,184,11025,24.99%,0.214583,75.15%,1.4%,8.4%,"10:40 ET"
TSN,59.35,2024-11-15,52.50,-11.54%,0.3,52.2,13.70%,204,351,38.63%,0.100936,88.74%,0.6%,8.4%,"10:11 ET"
BAC,42.15,2025-01-17,39.00,-7.47%,0.77,38.23,10.25%,109,31952,25.85%,0.233061,72.97%,2.0%,8.4%,"10:31 ET"
NVDA,141.24,2024-11-01,120.00,-15.04%,0.3,119.7,18.00%,1341,13116,56.50%,0.050271,95.17%,0.3%,8.3%,"10:43 ET"
GOOGL,164.31,2024-11-15,145.00,-11.75%,0.81,144.19,13.95%,123,10037,38.38%,0.101464,89.34%,0.6%,8.2%,"10:40 ET"
MSFT,417.27,2025-01-17,385.00,-7.73%,7.45,377.55,10.52%,111,3121,25.84%,0.23137,73.71%,2.0%,8.2%,"10:44 ET"
JPM,224.79,2024-11-15,210.00,-6.58%,1.17,208.83,7.64%,209,5381,26.16%,0.145787,83.99%,0.6%,8.2%,"10:38 ET"
RBLX,40.11,2024-11-15,27.50,-31.44%,0.15,27.35,46.65%,104,284,86.58%,0.038,95.21%,0.5%,8.0%,"10:44 ET"
PLD,119.36,2024-11-15,110.00,-7.84%,0.6,109.4,9.10%,271,3329,29.24%,0.136086,85.70%,0.5%,8.0%,"10:38 ET"
BA,161.57,2024-11-01,140.00,-13.35%,0.33,139.67,15.68%,208,1690,53.40%,0.053273,93.89%,0.2%,7.8%,"10:43 ET"
AEM,87.2,2024-11-15,75.00,-13.99%,0.4,74.6,16.89%,516,1340,44.31%,0.091605,90.32%,0.5%,7.8%,"10:33 ET"
JD,39.65,2024-11-01,34.00,-14.25%,0.08,33.92,16.89%,202,915,60.51%,0.063428,92.83%,0.2%,7.8%,"10:37 ET"
AZN,77.86,2024-11-15,70.00,-10.10%,0.37,69.63,11.82%,2713,1865,34.50%,0.108127,88.07%,0.5%,7.8%,"10:43 ET"
PLTR,42.93,2024-11-22,30.00,-30.12%,0.2,29.8,44.06%,133,355,77.00%,0.045611,94.20%,0.7%,7.7%,"10:44 ET"
WMT,81.13,2024-12-20,75.00,-7.56%,0.93,74.07,9.53%,124,3801,25.66%,0.194075,77.49%,1.3%,7.6%,"10:32 ET"
MS,119.1,2024-12-20,110.00,-7.64%,1.36,108.64,9.63%,360,3907,25.08%,0.194586,78.28%,1.3%,7.6%,"10:17 ET"
AAPL,235.67,2025-01-17,220.00,-6.65%,3.95,216.05,9.08%,272,31835,23.95%,0.236125,72.07%,1.8%,7.6%,"10:43 ET"
NVDA,141.24,2024-12-20,101.00,-28.49%,1.24,99.76,41.58%,109,9798,61.86%,0.072194,90.94%,1.2%,7.6%,"10:26 ET"
BAC,42.15,2024-11-15,39.00,-7.47%,0.2,38.8,8.63%,313,7667,28.22%,0.130187,85.35%,0.5%,7.5%,"10:41 ET"
BAC,42.15,2024-11-01,40.00,-5.10%,0.09,39.91,5.61%,266,1220,25.73%,0.108188,87.94%,0.2%,7.5%,"10:31 ET"
AXP,272.46,2024-12-20,250.00,-8.24%,3,247,10.31%,292,2631,26.27%,0.183478,79.03%,1.2%,7.4%,"10:32 ET"
AAPL,235.67,2024-11-15,215.00,-8.77%,1.08,213.92,10.17%,208,15378,30.90%,0.113704,87.18%,0.5%,7.4%,"10:40 ET"
NVDA,141.24,2025-01-17,100.00,-29.20%,1.74,98.26,43.74%,283,57064,57.73%,0.085476,88.84%,1.8%,7.3%,"10:41 ET"
PLTR,42.93,2025-01-17,30.00,-30.12%,0.52,29.48,45.62%,130,11699,59.51%,0.081034,89.00%,1.8%,7.3%,"10:34 ET"
DIS,97.11,2025-01-17,85.00,-12.47%,1.46,83.54,16.24%,202,18769,32.14%,0.169131,80.07%,1.7%,7.2%,"10:28 ET"
NFLX,762.67,2024-11-15,700.00,-8.22%,3.45,696.55,9.49%,154,1577,28.90%,0.12131,87.15%,0.5%,7.2%,"10:43 ET"
MRVL,82.64,2024-11-15,67.50,-18.32%,0.33,67.17,23.03%,165,3344,52.22%,0.065741,93.07%,0.5%,7.2%,"10:39 ET"
NVDA,141.24,2024-12-20,100.00,-29.20%,1.16,98.84,42.90%,8097,58294,62.25%,0.067907,91.44%,1.2%,7.1%,"10:41 ET"
UNH,576.08,2024-12-20,530.00,-8.00%,6.1,523.9,9.96%,206,499,25.63%,0.182946,78.88%,1.2%,7.1%,"10:44 ET"
AMD,156.3,2024-11-15,120.00,-23.22%,0.57,119.43,30.87%,111,13051,62.70%,0.050445,94.64%,0.5%,7.0%,"10:44 ET"
RDDT,79.32,2024-11-15,55.00,-30.66%,0.26,54.74,44.90%,103,2518,83.00%,0.037693,95.41%,0.5%,6.9%,"10:44 ET"
NVDA,141.24,2024-11-15,110.00,-22.12%,0.52,109.48,29.01%,4141,50761,60.63%,0.05227,94.24%,0.5%,6.9%,"10:45 ET"
NVDA,141.24,2024-11-22,100.00,-29.20%,0.6,99.4,42.09%,135,1733,72.46%,0.044782,94.62%,0.6%,6.9%,"10:45 ET"
TSM,202.5,2024-11-01,180.00,-11.11%,0.37,179.63,12.73%,124,527,42.37%,0.056872,94.54%,0.2%,6.8%,"10:36 ET"
NEM,58.01,2025-01-17,50.00,-13.81%,0.81,49.19,17.93%,111,4397,33.26%,0.154564,81.86%,1.6%,6.8%,"10:07 ET"
NVDA,141.24,2024-11-29,100.00,-29.20%,0.72,99.28,42.26%,255,1114,68.73%,0.051039,93.78%,0.7%,6.8%,"10:44 ET"
NVDA,141.24,2024-11-01,118.00,-16.45%,0.24,117.76,19.94%,1035,3566,58.69%,0.040085,96.12%,0.2%,6.8%,"10:41 ET"
UPS,133.41,2024-11-15,115.00,-13.80%,0.53,114.47,16.55%,612,1041,42.50%,0.078831,90.91%,0.5%,6.8%,"10:39 ET"
UBER,80.11,2025-01-17,65.00,-18.86%,1.04,63.96,25.25%,255,6003,41.46%,0.12102,84.77%,1.6%,6.7%,"10:40 ET"
BABA,100.89,2024-12-20,85.00,-15.75%,0.92,84.08,19.99%,1003,1553,37.24%,0.117821,87.18%,1.1%,6.7%,"10:31 ET"
WFC,64.42,2024-11-01,60.00,-6.86%,0.12,59.88,7.58%,348,3534,30.86%,0.075572,90.77%,0.2%,6.6%,"10:36 ET"
WFC,64.42,2024-12-20,57.50,-10.74%,0.62,56.88,13.26%,104,6346,30.01%,0.145193,82.48%,1.1%,6.6%,"10:42 ET"
WMT,81.13,2025-01-17,75.00,-7.56%,1.18,73.82,9.90%,175,5318,23.74%,0.210858,74.98%,1.6%,6.6%,"09:41 ET"
MDB,274.64,2024-12-20,200.00,-27.18%,2.15,197.85,38.81%,349,6374,58.28%,0.069317,91.02%,1.1%,6.6%,"10:27 ET"
TSM,202.5,2025-01-17,160.00,-20.99%,2.5,157.5,28.57%,140,15347,43.62%,0.110589,86.43%,1.6%,6.6%,"10:24 ET"
XOM,120.18,2024-12-20,110.00,-8.47%,1.17,108.83,10.43%,10008,4658,26.04%,0.172916,79.91%,1.1%,6.5%,"10:25 ET"
BA,161.57,2024-11-15,135.00,-16.44%,0.6,134.4,20.22%,248,6220,47.94%,0.065327,92.39%,0.4%,6.5%,"10:43 ET"
FNV,134,2024-12-20,120.00,-10.45%,1.25,118.75,12.84%,1002,507,28.99%,0.151306,82.61%,1.1%,6.4%,"10:21 ET"
ABNB,136.8,2024-11-15,110.00,-19.59%,0.48,109.52,24.91%,132,2727,55.16%,0.056322,93.45%,0.4%,6.4%,"10:07 ET"
JD,39.65,2024-11-15,30.00,-24.34%,0.13,29.87,32.74%,257,1826,66.72%,0.045775,94.49%,0.4%,6.4%,"10:11 ET"
AAPL,235.67,2024-12-20,215.00,-8.77%,2.21,212.79,10.75%,162,9790,25.94%,0.162184,80.86%,1.0%,6.3%,"10:43 ET"
NFLX,762.67,2024-11-15,695.00,-8.87%,2.99,692.01,10.21%,144,658,29.40%,0.106839,88.64%,0.4%,6.3%,"10:38 ET"
NVDA,141.24,2024-11-08,110.00,-22.12%,0.34,109.66,28.80%,255,2908,65.61%,0.040193,95.69%,0.3%,6.3%,"10:43 ET"
NVDA,141.24,2024-11-01,117.00,-17.16%,0.22,116.78,20.95%,277,3888,60.05%,0.036409,96.45%,0.2%,6.3%,"10:45 ET"
CMG,59.65,2024-12-20,50.00,-16.18%,0.5,49.5,20.51%,158,7245,39.09%,0.112561,86.72%,1.0%,6.1%,"10:44 ET"
FCX,48.11,2024-12-20,40.00,-16.86%,0.4,39.6,21.49%,204,6221,39.44%,0.104454,87.58%,1.0%,6.1%,"10:41 ET"
PFE,29.08,2024-12-20,26.00,-10.59%,0.26,25.74,12.98%,205,10204,28.38%,0.152317,83.47%,1.0%,6.1%,"10:31 ET"
NVDA,141.24,2024-11-15,108.00,-23.53%,0.45,107.55,31.33%,1522,6345,62.64%,0.04568,94.92%,0.4%,6.1%,"10:45 ET"
NFLX,762.67,2024-12-20,685.00,-10.18%,6.65,678.35,12.43%,107,1485,27.69%,0.147362,83.06%,1.0%,6.0%,"10:21 ET"
CAT,390.56,2024-11-15,340.00,-12.95%,1.36,338.64,15.33%,102,985,38.82%,0.074104,91.38%,0.4%,5.9%,"10:44 ET"
NVDA,141.24,2025-01-17,95.00,-32.74%,1.3,93.7,50.74%,123,43885,59.49%,0.065134,91.27%,1.4%,5.8%,"10:36 ET"
JD,39.65,2024-12-20,30.00,-24.34%,0.28,29.72,33.41%,683,1244,52.52%,0.078816,90.48%,0.9%,5.7%,"10:40 ET"
AMZN,188.52,2024-12-20,160.00,-15.13%,1.49,158.51,18.93%,284,17644,35.40%,0.108891,87.35%,0.9%,5.7%,"10:45 ET"
BA,161.57,2025-01-17,130.00,-19.54%,1.74,128.26,25.97%,1018,6568,39.42%,0.108235,86.93%,1.4%,5.6%,"10:44 ET"
AAPL,235.67,2024-11-01,215.00,-8.77%,0.36,214.64,9.80%,262,2517,35.09%,0.06004,93.41%,0.2%,5.6%,"10:42 ET"
PLTR,42.93,2024-11-01,36.00,-16.14%,0.06,35.94,19.45%,384,2737,58.46%,0.038654,95.86%,0.2%,5.5%,"10:43 ET"
RCL,199.95,2024-12-20,160.00,-19.98%,1.44,158.56,26.10%,105,262,44.95%,0.088123,88.94%,0.9%,5.5%,"10:07 ET"
VZ,43.94,2024-11-15,40.00,-8.97%,0.15,39.85,10.26%,2018,949,28.45%,0.100036,89.64%,0.4%,5.5%,"10:31 ET"
NVDA,141.24,2024-12-20,95.00,-32.74%,0.85,94.15,50.02%,372,16561,64.88%,0.050848,93.42%,0.9%,5.5%,"10:45 ET"
NKE,82.48,2024-11-15,75.00,-9.07%,0.28,74.72,10.39%,171,9124,28.69%,0.096732,89.72%,0.4%,5.5%,"10:36 ET"
JCI,77.4,2024-11-15,67.50,-12.79%,0.25,67.25,15.09%,220,1201,39.65%,0.085881,90.64%,0.4%,5.4%,"10:20 ET"
TSM,202.5,2025-01-17,155.00,-23.46%,2,153,32.35%,155,11793,44.84%,0.090042,88.77%,1.3%,5.4%,"10:22 ET"
CRM,291.97,2024-11-15,260.00,-10.95%,0.96,259.04,12.71%,211,2402,33.36%,0.085282,90.80%,0.4%,5.4%,"10:14 ET"
BA,161.57,2024-12-20,130.00,-19.54%,1.14,128.86,25.38%,148,1842,42.46%,0.08627,89.67%,0.9%,5.4%,"10:41 ET"
MSFT,417.27,2024-11-01,370.00,-11.33%,0.59,369.41,12.96%,260,965,41.62%,0.048332,95.19%,0.2%,5.3%,"10:40 ET"
CCJ,58.37,2024-11-15,45.00,-22.91%,0.16,44.84,30.17%,169,6859,61.34%,0.044206,94.74%,0.4%,5.2%,"10:40 ET"
NVDA,141.24,2024-11-01,115.00,-18.58%,0.18,114.82,23.01%,522,8487,62.75%,0.030079,97.04%,0.2%,5.2%,"10:44 ET"
JPM,224.79,2025-01-17,200.00,-11.03%,2.46,197.54,13.79%,958,4612,26.34%,0.154602,81.69%,1.2%,5.2%,"10:37 ET"
ULTA,375.18,2024-12-20,300.00,-20.04%,2.5,297.5,26.11%,200,368,42.62%,0.07946,90.22%,0.8%,5.1%,"10:30 ET"
AAPL,235.67,2024-11-15,210.00,-10.89%,0.73,209.27,12.62%,213,24072,32.74%,0.077989,91.08%,0.3%,5.1%,"10:40 ET"
IBM,232.24,2024-12-20,205.00,-11.73%,1.68,203.32,14.22%,283,287,28.92%,0.128062,85.63%,0.8%,5.0%,"09:55 ET"
NVDA,141.24,2024-11-15,105.00,-25.66%,0.36,104.64,34.98%,307,23379,65.56%,0.03715,95.80%,0.3%,5.0%,"10:45 ET"
NVDA,141.24,2024-11-01,114.00,-19.29%,0.17,113.83,24.08%,523,1522,64.75%,0.028539,97.17%,0.1%,5.0%,"10:40 ET"
GOOGL,164.31,2024-11-15,140.00,-14.80%,0.47,139.53,17.76%,155,14824,40.61%,0.061859,93.40%,0.3%,4.9%,"10:38 ET"
MU,110.03,2024-12-20,80.00,-27.29%,0.64,79.36,38.65%,116,5520,53.68%,0.05941,92.85%,0.8%,4.9%,"10:44 ET"
WMT,81.13,2024-11-15,75.00,-7.56%,0.25,74.75,8.54%,236,17315,24.64%,0.098592,88.84%,0.3%,4.9%,"10:35 ET"
PLTR,42.93,2024-11-15,27.00,-37.11%,0.09,26.91,59.53%,406,5369,93.89%,0.022257,97.04%,0.3%,4.9%,"10:44 ET"
PAYC,170.24,2025-01-17,130.00,-23.64%,1.5,128.5,32.48%,213,436,44.34%,0.088732,89.23%,1.2%,4.8%,"10:33 ET"
MSFT,417.27,2024-12-20,365.00,-12.53%,2.85,362.15,15.22%,803,6696,29.31%,0.114051,87.00%,0.8%,4.8%,"10:40 ET"
AAPL,235.67,2024-12-20,210.00,-10.89%,1.61,208.39,13.09%,133,23338,27.01%,0.121667,85.39%,0.8%,4.7%,"10:40 ET"
NVDA,141.24,2024-11-08,105.00,-25.66%,0.24,104.76,34.82%,110,2679,70.81%,0.02698,97.03%,0.2%,4.6%,"10:42 ET"
GOOGL,164.31,2024-12-20,140.00,-14.80%,1.05,138.95,18.25%,339,10919,32.51%,0.09791,88.77%,0.8%,4.6%,"10:40 ET"
NVDA,141.24,2025-01-17,90.00,-36.28%,0.98,89.02,58.66%,117,35469,61.70%,0.049656,93.16%,1.1%,4.6%,"10:40 ET"
GOOGL,164.31,2024-11-01,140.00,-14.80%,0.19,139.81,17.52%,105,713,50.65%,0.034156,96.57%,0.1%,4.5%,"10:43 ET"
NFLX,762.67,2024-11-01,700.00,-8.22%,0.95,699.05,9.10%,112,625,30.91%,0.055886,94.50%,0.1%,4.5%,"10:44 ET"
DDOG,127.37,2025-01-17,95.00,-25.41%,1.02,93.98,35.53%,1578,4078,45.87%,0.075658,90.35%,1.1%,4.5%,"10:39 ET"
TSM,202.5,2025-01-17,150.00,-25.93%,1.61,148.39,36.46%,162,10911,46.27%,0.073442,90.67%,1.1%,4.5%,"10:13 ET"
TSLA,219.65,2024-11-15,160.00,-27.16%,0.49,159.51,37.70%,282,9162,67.47%,0.030658,96.36%,0.3%,4.5%,"10:44 ET"
ZION,50.51,2025-01-17,37.50,-25.76%,0.4,37.1,36.15%,600,1045,48.36%,0.082763,89.51%,1.1%,4.5%,"10:44 ET"
SLB,42.47,2025-01-17,35.00,-17.59%,0.37,34.63,22.64%,200,4263,35.36%,0.107251,86.74%,1.1%,4.4%,"10:10 ET"
NVDA,141.24,2024-11-01,113.00,-19.99%,0.15,112.85,25.16%,336,951,65.02%,0.024223,97.59%,0.1%,4.4%,"10:20 ET"
BHP,56.66,2024-11-15,50.00,-11.75%,0.15,49.85,13.66%,452,824,34.09%,0.083548,91.95%,0.3%,4.4%,"10:39 ET"
PDD,125.44,2024-12-20,90.00,-28.25%,0.64,89.36,40.38%,141,9814,54.58%,0.051374,93.33%,0.7%,4.4%,"10:28 ET"
NVDA,141.24,2024-12-20,90.00,-36.28%,0.64,89.36,58.06%,1069,31651,67.59%,0.037599,95.00%,0.7%,4.4%,"10:42 ET"
META,572.72,2024-11-01,450.00,-21.43%,0.59,449.41,27.44%,182,2274,71.14%,0.022575,97.46%,0.1%,4.4%,"10:39 ET"
TJX,115.54,2024-11-15,105.00,-9.12%,0.31,104.69,10.36%,200,1693,27.36%,0.080291,90.92%,0.3%,4.3%,"10:19 ET"
TCOM,60.47,2025-01-17,45.00,-25.58%,0.45,44.55,35.74%,100,1632,46.59%,0.073746,90.18%,1.0%,4.2%,"09:44 ET"
MA,516.88,2024-11-15,465.00,-10.04%,1.33,463.67,11.48%,115,252,29.42%,0.075131,91.52%,0.3%,4.2%,"10:35 ET"
BA,161.57,2024-11-01,135.00,-16.44%,0.17,134.83,19.83%,113,4431,57.49%,0.030717,96.41%,0.1%,4.2%,"10:44 ET"
NVDA,141.24,2025-01-17,88.00,-37.69%,0.87,87.13,62.10%,100,13308,62.57%,0.04431,93.82%,1.0%,4.1%,"10:32 ET"
PEP,177.26,2024-12-20,165.00,-6.92%,1.1,163.9,8.15%,109,1412,18.49%,0.153796,83.05%,0.7%,4.1%,"10:12 ET"
AMZN,188.52,2024-12-20,155.00,-17.78%,1.03,153.97,22.44%,595,6107,36.36%,0.077874,90.79%,0.7%,4.1%,"10:44 ET"
XOM,120.18,2024-11-01,110.00,-8.47%,0.13,109.87,9.38%,114,762,32.81%,0.051008,93.99%,0.1%,3.9%,"10:24 ET"
UBER,80.11,2025-01-17,60.00,-25.10%,0.56,59.44,34.77%,510,12250,44.39%,0.070145,90.76%,0.9%,3.9%,"10:40 ET"
BA,161.57,2024-12-20,125.00,-22.63%,0.78,124.22,30.07%,102,1831,43.67%,0.060279,92.64%,0.6%,3.8%,"10:41 ET"
TSM,202.5,2025-01-17,145.00,-28.40%,1.32,143.68,40.94%,430,9236,47.92%,0.060219,92.21%,0.9%,3.8%,"10:29 ET"
CSCO,56.94,2024-11-15,50.00,-12.19%,0.13,49.87,14.18%,144,13393,33.47%,0.062577,93.11%,0.3%,3.8%,"10:28 ET"
NVDA,141.24,2024-11-15,100.00,-29.20%,0.26,99.74,41.61%,1017,39541,69.71%,0.025203,97.08%,0.3%,3.8%,"10:44 ET"
TXT,90.25,2024-11-15,77.50,-14.13%,0.2,77.3,16.75%,202,641,38.90%,0.058613,93.27%,0.3%,3.8%,"10:15 ET"
CSCO,56.94,2025-01-17,50.00,-12.19%,0.45,49.55,14.91%,130,26638,25.46%,0.128013,85.08%,0.9%,3.8%,"10:15 ET"
PG,169.3,2025-01-17,160.00,-5.49%,1.43,158.57,6.77%,988,5703,15.66%,0.195597,76.88%,0.9%,3.7%,"10:40 ET"
NVDA,141.24,2025-01-17,85.00,-39.82%,0.74,84.26,67.62%,229,24072,64.17%,0.037696,94.65%,0.9%,3.6%,"10:36 ET"
AAPL,235.67,2024-11-15,205.00,-13.01%,0.51,204.49,15.25%,1831,14156,34.94%,0.054928,93.63%,0.2%,3.6%,"10:40 ET"
AAPL,235.67,2024-11-01,210.00,-10.89%,0.23,209.77,12.35%,183,4698,38.33%,0.037376,95.85%,0.1%,3.6%,"10:45 ET"
NVDA,141.24,2024-11-01,110.00,-22.12%,0.12,109.88,28.54%,1552,7696,70.24%,0.019883,97.98%,0.1%,3.6%,"10:44 ET"
WM,212,2025-01-17,190.00,-10.38%,1.6,188.4,12.53%,200,272,22.67%,0.132606,83.75%,0.8%,3.5%,"10:24 ET"
AAPL,235.67,2024-12-20,205.00,-13.01%,1.18,203.82,15.63%,474,8075,28.17%,0.090944,88.89%,0.6%,3.5%,"10:40 ET"
NVDA,141.24,2024-11-15,97.00,-31.32%,0.23,96.77,45.95%,128,9208,73.52%,0.021525,97.46%,0.2%,3.5%,"10:25 ET"
NFLX,762.67,2024-11-15,675.00,-11.50%,1.6,673.4,13.26%,119,397,30.64%,0.059253,93.61%,0.2%,3.5%,"10:29 ET"
SHOP,82.89,2025-01-17,55.00,-33.65%,0.45,54.55,51.95%,100,7837,55.04%,0.046917,93.55%,0.8%,3.4%,"09:58 ET"
NVDA,141.24,2024-11-01,108.00,-23.53%,0.11,107.89,30.91%,128,945,73.87%,0.017676,98.18%,0.1%,3.4%,"10:40 ET"
VZ,43.94,2024-11-15,39.00,-11.24%,0.09,38.91,12.93%,1105,1842,29.65%,0.059525,93.78%,0.2%,3.4%,"10:25 ET"
MS,119.1,2025-01-17,100.00,-16.04%,0.8,99.2,20.06%,154,3180,29.33%,0.093889,88.76%,0.8%,3.3%,"10:27 ET"
NDAQ,74.64,2024-12-20,65.00,-12.92%,0.35,64.65,15.45%,500,284,27.83%,0.096785,88.98%,0.5%,3.3%,"10:06 ET"
TSLA,219.65,2024-11-08,155.00,-29.43%,0.25,154.75,41.94%,192,551,77.18%,0.017744,97.90%,0.2%,3.3%,"10:14 ET"
BA,161.57,2024-11-15,130.00,-19.54%,0.29,129.71,24.56%,376,4188,50.09%,0.040944,95.14%,0.2%,3.3%,"10:40 ET"
WMT,81.13,2024-12-20,70.00,-13.72%,0.36,69.64,16.50%,483,10154,28.49%,0.082664,89.93%,0.5%,3.1%,"10:32 ET"
BA,161.57,2025-01-17,120.00,-25.73%,0.9,119.1,35.66%,138,2641,41.98%,0.059305,92.55%,0.8%,3.1%,"10:37 ET"
NVDA,141.24,2024-11-01,106.00,-24.95%,0.1,105.9,33.37%,514,1142,76.34%,0.014575,98.48%,0.1%,3.1%,"10:18 ET"
NEM,58.01,2024-11-15,47.50,-18.12%,0.1,47.4,22.38%,107,2283,45.32%,0.041261,95.40%,0.2%,3.1%,"09:49 ET"
NVDA,141.24,2024-11-15,95.00,-32.74%,0.2,94.8,48.99%,239,42467,75.37%,0.018583,97.78%,0.2%,3.1%,"10:25 ET"
V,288.79,2024-11-15,255.00,-11.70%,0.53,254.47,13.49%,117,934,30.73%,0.053428,93.91%,0.2%,3.0%,"10:38 ET"
NVDA,141.24,2025-01-17,80.00,-43.36%,0.57,79.43,77.82%,954,73352,67.15%,0.02888,95.76%,0.7%,3.0%,"10:30 ET"
EBAY,64.67,2025-01-17,52.50,-18.82%,0.37,52.13,24.06%,124,5377,32.39%,0.077136,90.51%,0.7%,2.9%,"09:47 ET"
PLTR,42.93,2024-12-20,25.00,-41.77%,0.12,24.88,72.55%,336,6652,73.71%,0.024266,96.48%,0.5%,2.9%,"10:31 ET"
AMD,156.3,2024-12-20,105.00,-32.82%,0.5,104.5,49.57%,1886,20246,56.70%,0.033828,95.82%,0.5%,2.9%,"10:06 ET"
ASML,717.3,2024-11-01,630.00,-12.17%,0.55,629.45,13.96%,124,552,39.95%,0.030412,96.93%,0.1%,2.9%,"10:04 ET"
NVDA,141.24,2024-11-01,105.00,-25.66%,0.09,104.91,34.63%,771,2711,77.42%,0.013092,98.63%,0.1%,2.8%,"10:36 ET"
NFLX,762.67,2025-01-17,620.00,-18.71%,4.2,615.8,23.85%,106,705,32.16%,0.075169,90.52%,0.7%,2.8%,"09:43 ET"
NVDA,141.24,2024-12-20,80.00,-43.36%,0.37,79.63,77.37%,183,44493,74.75%,0.021422,96.96%,0.5%,2.8%,"10:38 ET"
ULTA,375.18,2024-11-15,315.00,-16.04%,0.6,314.4,19.33%,101,261,40.07%,0.041578,95.22%,0.2%,2.8%,"09:59 ET"
AAPL,235.67,2024-11-15,200.00,-15.14%,0.38,199.62,18.06%,177,28736,37.50%,0.040253,95.27%,0.2%,2.8%,"10:41 ET"
NVDA,141.24,2024-11-08,95.00,-32.74%,0.13,94.87,48.88%,385,1504,83.93%,0.014281,98.33%,0.1%,2.8%,"10:24 ET"
BABA,100.89,2024-11-15,80.00,-20.71%,0.15,79.85,26.35%,402,2561,49.48%,0.033465,96.34%,0.2%,2.7%,"10:02 ET"
NVDA,141.24,2024-12-20,79.00,-44.07%,0.35,78.65,79.58%,200,5650,75.68%,0.02042,97.09%,0.4%,2.7%,"09:51 ET"
AAPL,235.67,2024-12-20,200.00,-15.14%,0.88,199.12,18.36%,616,18067,29.49%,0.068467,91.50%,0.4%,2.7%,"10:41 ET"
NVDA,141.24,2024-11-15,91.00,-35.57%,0.16,90.84,55.48%,105,8768,80.17%,0.014772,98.19%,0.2%,2.6%,"10:10 ET"
UAL,74.33,2025-01-17,50.00,-32.73%,0.3,49.7,49.56%,112,5416,49.66%,0.043917,94.80%,0.6%,2.5%,"09:58 ET"
NFLX,762.67,2024-12-20,645.00,-15.43%,2.64,642.36,18.73%,111,451,29.95%,0.0701,91.62%,0.4%,2.5%,"10:01 ET"
GOOG,166.05,2024-11-01,135.00,-18.70%,0.1,134.9,23.09%,310,266,56.29%,0.016683,98.29%,0.1%,2.5%,"10:39 ET"
BA,161.57,2024-11-15,125.00,-22.63%,0.2,124.8,29.46%,187,2770,52.27%,0.025027,96.97%,0.2%,2.3%,"10:40 ET"
SLB,42.47,2025-01-17,32.50,-23.48%,0.18,32.32,31.40%,200,2481,38.18%,0.059562,92.32%,0.6%,2.3%,"10:11 ET"
NVDA,141.24,2024-11-15,89.00,-36.99%,0.14,88.86,58.95%,162,2646,81.80%,0.012516,98.45%,0.2%,2.3%,"10:39 ET"
NVDA,141.24,2024-11-08,90.00,-36.28%,0.1,89.9,57.11%,101,7184,90.41%,0.010285,98.76%,0.1%,2.3%,"09:55 ET"
AAPL,235.67,2024-11-08,200.00,-15.14%,0.22,199.78,17.96%,1314,1023,39.97%,0.027804,96.78%,0.1%,2.2%,"10:38 ET"
NFLX,762.67,2024-11-01,680.00,-10.84%,0.45,679.55,12.23%,132,400,35.13%,0.029971,97.00%,0.1%,2.2%,"10:28 ET"
JD,39.65,2025-01-17,25.00,-36.95%,0.13,24.87,59.43%,162,20835,54.67%,0.032438,95.71%,0.5%,2.2%,"10:15 ET"
AAPL,235.67,2024-12-20,195.00,-17.26%,0.67,194.33,21.27%,264,7643,30.96%,0.052127,93.43%,0.3%,2.1%,"10:43 ET"
NVDA,141.24,2024-11-08,88.00,-37.69%,0.09,87.91,60.66%,168,984,93.23%,0.009127,98.89%,0.1%,2.1%,"09:50 ET"
NVDA,141.24,2024-11-01,98.00,-30.61%,0.06,97.94,44.21%,101,2865,90.40%,0.009028,99.01%,0.1%,2.0%,"09:57 ET"
NVDA,141.24,2024-11-01,100.00,-29.20%,0.06,99.94,41.32%,576,4713,85.85%,0.009481,98.97%,0.1%,2.0%,"10:37 ET"
NVDA,141.24,2024-11-08,86.00,-39.11%,0.08,85.92,64.39%,635,815,95.20%,0.007662,99.05%,0.1%,1.9%,"10:40 ET"
BAC,42.15,2024-12-20,33.00,-21.71%,0.1,32.9,28.12%,365,1484,36.95%,0.040647,94.88%,0.3%,1.8%,"10:04 ET"
AAPL,235.67,2024-11-01,200.00,-15.14%,0.11,199.89,17.90%,111,3668,45.28%,0.016163,98.16%,0.1%,1.8%,"10:37 ET"
AMZN,188.52,2024-11-22,145.00,-23.09%,0.23,144.77,30.22%,200,280,46.20%,0.023751,97.25%,0.2%,1.8%,"10:08 ET"
AAPL,235.67,2025-01-17,190.00,-19.38%,0.82,189.18,24.57%,230,41592,29.78%,0.053358,92.96%,0.4%,1.8%,"10:20 ET"
AMZN,188.52,2024-11-01,150.00,-20.43%,0.08,149.92,25.75%,174,808,59.54%,0.012869,98.65%,0.1%,1.8%,"10:38 ET"
AAPL,235.67,2024-11-15,190.00,-19.38%,0.23,189.77,24.19%,669,10690,42.76%,0.022512,97.29%,0.1%,1.8%,"10:28 ET"
NVDA,141.24,2024-11-15,84.00,-40.53%,0.1,83.9,68.34%,308,2420,87.46%,0.009067,98.84%,0.1%,1.7%,"09:37 ET"
CVX,151.47,2024-12-20,125.00,-17.48%,0.35,124.65,21.52%,150,1774,30.12%,0.048293,94.22%,0.3%,1.7%,"09:30 ET"
SNOW,120.26,2025-01-17,65.00,-45.95%,0.26,64.74,85.76%,100,2185,65.82%,0.018416,97.15%,0.4%,1.7%,"10:20 ET"
CMG,59.65,2024-12-20,40.00,-32.94%,0.1,39.9,49.50%,101,3174,51.24%,0.020475,97.28%,0.3%,1.5%,"10:16 ET"
WMT,81.13,2024-12-20,65.00,-19.88%,0.16,64.84,25.12%,202,9406,32.60%,0.036774,95.32%,0.2%,1.5%,"10:24 ET"
NVDA,141.24,2024-11-15,80.00,-43.36%,0.08,79.92,76.73%,118,48642,91.65%,0.006779,99.11%,0.1%,1.5%,"10:28 ET"
V,288.79,2024-11-15,240.00,-16.89%,0.23,239.77,20.44%,100,837,36.79%,0.023242,97.27%,0.1%,1.4%,"09:59 ET"
NVDA,141.24,2025-01-17,60.00,-57.52%,0.2,59.8,136.19%,143,39906,81.83%,0.009673,98.34%,0.3%,1.4%,"10:40 ET"
NVDA,141.24,2024-12-20,62.50,-55.75%,0.14,62.36,126.49%,150,1872,89.21%,0.00748,98.79%,0.2%,1.4%,"09:34 ET"
MSFT,417.27,2024-11-01,345.00,-17.32%,0.14,344.86,21.00%,133,503,48.28%,0.011376,98.84%,0.0%,1.3%,"10:02 ET"
UBER,80.11,2025-01-17,55.00,-31.34%,0.17,54.83,46.11%,255,9613,46.06%,0.034768,95.18%,0.3%,1.3%,"10:40 ET"
MS,119.1,2025-01-17,85.00,-28.63%,0.26,84.74,40.55%,100,13481,38.65%,0.02893,96.23%,0.3%,1.3%,"09:46 ET"
AAPL,235.67,2024-11-22,185.00,-21.50%,0.2,184.8,27.53%,100,405,41.56%,0.019833,97.54%,0.1%,1.2%,"10:02 ET"
BA,161.57,2025-01-17,100.00,-38.11%,0.29,99.71,62.04%,162,1325,50.30%,0.01886,97.40%,0.3%,1.2%,"09:47 ET"
TSM,202.5,2024-11-15,135.00,-33.33%,0.11,134.89,50.12%,101,3602,71.38%,0.012255,98.50%,0.1%,1.2%,"09:52 ET"
AAPL,235.67,2024-11-01,190.00,-19.38%,0.06,189.94,24.08%,605,2170,53.93%,0.009169,98.93%,0.0%,1.0%,"09:44 ET"
MCD,317.02,2024-11-15,265.00,-16.41%,0.15,264.85,19.70%,110,443,33.67%,0.019069,97.90%,0.1%,0.8%,"10:40 ET"
JNJ,163.61,2025-01-17,140.00,-14.43%,0.27,139.73,17.09%,160,3886,21.42%,0.056256,93.08%,0.2%,0.8%,"10:17 ET"
AMD,156.3,2025-01-17,75.00,-52.02%,0.13,74.87,108.76%,112,12772,65.38%,0.007223,98.89%,0.2%,0.7%,"09:38 ET"
AMZN,188.52,2024-12-20,110.00,-41.65%,0.08,109.92,71.51%,120,1030,55.84%,0.006126,99.13%,0.1%,0.4%,"09:41 ET"
GOOGL,164.31,2024-12-20,100.00,-39.14%,0.07,99.93,64.43%,300,4830,51.92%,0.006693,99.08%,0.1%,0.4%,"10:43 ET"
AAPL,235.67,2025-01-17,135.00,-42.72%,0.13,134.87,74.74%,110,19168,49.40%,0.006955,98.92%,0.1%,0.4%,"10:16 ET"
AAPL,235.67,2025-01-17,125.00,-46.96%,0.11,124.89,88.70%,100,18750,54.45%,0.005498,99.12%,0.1%,0.4%,"09:46 ET"
META,572.72,2024-12-20,250.00,-56.35%,0.08,249.92,129.16%,120,1268,73.83%,0.001679,99.72%,0.0%,0.2%,"10:16 ET"
"Downloaded from Barchart.com as of 10-21-2024 10:13am CDT"
